ID	FIRST NAME	LAST NAME	Name	DOB	CTZ	STREET	CITY	Address	STATE	ZIPCODE	ADM DATE	Flight	AIRLINE	FLT NO	PORT OF ENTRY	VISA CLASS	DPT DATE	PORT OF DEPARTURE	ORIG_LN	ORIG_FN	Photo	TYPE	Location	UNIT	LATITUDE	LONGITUDE
185	JOHN	BURKE	BURKE JOHN 8/15/1954	08/15/1954	EG	1197 W BOONE	SPOKANE	"1197 W BOONE,SPOKANE,WA"	WA	99201	09/18/1994	TW 889 9/18/1994	TW	889	NYC	B1	09/26/1994	NYC	 	 			1197 W BOONE SPOKANE WA		47.66797	-117.42965
79	ALICE	RAYBURN	RAYBURN ALICE 5/18/1971	05/18/1971	SA	100 NW 51ST ST	SEATTLE	"100 NW 51ST ST,SEATTLE,WA"	WA	98107	11/02/2000	AC 697 11/2/2000	AC	697	TOR		11/09/2000	SEA	 	 			100 NW 51ST ST SEATTLE WA		47.66574	-122.35721
72	STEVE	SHARMAN	SHARMAN STEVE 12/23/1974	12/23/1974	SA	4465 6TH AVE S	SEATTLE	"4465 6TH AVE S,SEATTLE,WA"	WA	98108	07/06/2001	SV 37 7/6/2001	SV	37	IAD				 	 			4465 6TH AVE S SEATTLE WA		47.56329	-122.32663
118	DAVE	OATMAN	OATMAN DAVE 5/19/1978	05/19/1978	AE	519 4TH ST	LAKE OSWEGO	"519 4TH ST,LAKE OSWEGO,OR"	OR	97034	01/06/2001	LH 418 1/6/2001	LH	418	IAD				 	 			519 4TH ST LAKE OSWEGO OR		45.4213	-122.66752
119	DAVE	OBERT	OBERT DAVE 5/19/1978	05/19/1978	AE	519 4TH ST	LAKE OSWEGO	"519 4TH ST,LAKE OSWEGO,OR"	OR	97034	09/19/2000	LH 430 9/19/2000	LH	430	CHI				 	 			519 4TH ST LAKE OSWEGO OR		45.4213	-122.66752
39	MARTY	ARMSTRONG	ARMSTRONG MARTY 2/25/1979	02/25/1979	SA	2911 MAJOR AVE N	MINNEAPOLIS	"2911 MAJOR AVE N,MINNEAPOLIS,MN"	MN	55422	07/30/2001	SV 57 7/30/2001	SV	57	NYC				 	 			2911 MAJOR AVE N MINNEAPOLIS MN		45.00999	-93.33758
52	BOB	BAIN	BAIN BOB 4/30/1976	04/30/1976	SA	2911 MAJOR AVE N	MINNEAPOLIS	"2911 MAJOR AVE N,MINNEAPOLIS,MN"	MN	55422	08/21/2001	SV 35 8/21/2001	SV	35	NYC				 	 			2911 MAJOR AVE N MINNEAPOLIS MN		45.00999	-93.33758
128	DAWN	DAWKINS	DAWKINS DAWN 3/3/1970	03/03/1970	AE	2911 MAJOR AVE N	MINNEAPOLIS	"2911 MAJOR AVE N,MINNEAPOLIS,MN"	MN	55422	05/31/2000	AA 47 5/31/2000	AA	47	CHI		09/01/2000	SPM	 	 			2911 MAJOR AVE N MINNEAPOLIS MN		45.00999	-93.33758
215	ROD	MOSLEY	MOSLEY ROD 12/9/1953	12/09/1953	EG	401 6TH AVE NE	MINNEAPOLIS	"401 6TH AVE NE,MINNEAPOLIS,MN"	MN	55413	06/20/1989	MS 989 6/20/1989	MS	989	NYC	J1	11/26/1989	NYC	 	 			401 6TH AVE NE MINNEAPOLIS MN		44.99493	-93.2592
20	FRED	STRICKLAND	STRICKLAND FRED 9/7/1969	09/07/1969	SA	4056 S EWING AVE	MINNEAPOLIS	"4056 S EWING AVE,MINNEAPOLIS,MN"	MN	55410	08/27/2000	39 8/27/2000		39	IAD		06/24/2001	JFK	 	 			4056 S EWING AVE MINNEAPOLIS MN		44.92948	-93.3276
94	ALICE	PRICE	PRICE ALICE 11/28/1972	11/28/1972	OM	48 MADISON ST	BANGOR	"48 MADISON ST,BANGOR,ME"	ME	4401	10/17/2000	BA 209 10/17/2000	BA	209	BGM		10/25/2000	MIA	 	 			48 MADISON ST BANGOR ME		44.81075	-68.77484
151	JOHN	CARLSON	CARLSON JOHN 7/8/1977	07/08/1977	SA	1453 ASSISSI HEIGHTS DR	ROCHESTER	"1453 ASSISSI HEIGHTS DR,ROCHESTER,MN"	MN	55901	06/07/2001	SV 35 6/7/2001	SV	35	NYC		07/31/2001	JFK	 	 			1453 ASSISSI HEIGHTS DR ROCHESTER MN		44.03744	-92.47717
74	STEVE	RAYBURN	RAYBURN STEVE 12/18/1978	12/18/1978	SA	1593 3RD ST NE	ROCHESTER	"1593 3RD ST NE,ROCHESTER,MN"	MN	55906	03/16/2001	SV 21 3/16/2001	SV	21	NYC				 	 			1593 3RD ST NE ROCHESTER MN		44.02638	-92.44217
99	JIM	CAMP	CAMP JIM 10/7/1980	10/07/1980	AE	2277 PARK LN SE	ROCHESTER	"2277 PARK LN SE,ROCHESTER,MN"	MN	55904	07/04/2001	AA 47 7/4/2001	AA	47	CHI				 	 			2277 PARK LN SE ROCHESTER MN		43.99843	-92.43018
117	DAVE	MARTIN	MARTIN DAVE 4/27/1977	04/27/1977	AE	78 ONTARIO ST	ROCHESTER	"78 ONTARIO ST,ROCHESTER,NY"	NY	14605	01/17/2000	UA 595 1/17/2000	UA	595	CHI		04/16/2000	IAD	 	 			78 ONTARIO ST ROCHESTER NY		43.16428	-77.59642
292	DAVE	CATHCART	CATHCART DAVE 1/31/1955	01/31/1955	IR	1636 ALVIN LN	BROOKFIELD	"1636 ALVIN LN,BROOKFIELD,WI"	WI	53045	06/07/1991	BA 297 6/7/1991	BA	297	CHI	B2	07/07/1991	CHI	 	 			1636 ALVIN LN BROOKFIELD WI		43.05277	-88.13039
276	PAUL	MOXLEY	MOXLEY PAUL 5/29/1967	05/29/1967	DZ	5597 W GRANT ST 	MILWAUKEE	"5597 W GRANT ST ,MILWAUKEE,WI"	WI	53219	09/12/1996	BA 297 9/12/1996	BA	297	CHI	B2	09/24/1996	CHI	 	 			5597 W GRANT ST MILWAUKEE WI		43.00481	-87.98278
277	PAUL	MOXLEY	MOXLEY PAUL 5/29/1967	05/29/1967	DZ	5597 W GRANT ST 	MILWAUKEE	"5597 W GRANT ST ,MILWAUKEE,WI"	WI	53219	10/24/1996	567 10/24/1996		567	MON	B2			 	 			5597 W GRANT ST MILWAUKEE WI		43.00481	-87.98278
80	ALICE	RISSER	RISSER ALICE 1/1/1955	01/01/1955	YE	262 ADAMS ST	DELMAR	"262 ADAMS ST,DELMAR,NY"	NY	12054	12/14/1991	MS 987 12/14/1991	MS	987	NYC	B2			 	 			262 ADAMS ST DELMAR NY		42.61792	-73.82895
83	SUE	PIQUETT	PIQUETT SUE 12/2/1952	12/02/1952	AE	173 PRINCE ST	BOSTON	"173 PRINCE ST,BOSTON,MA"	MA	2113	08/19/2001	NW 37 8/19/2001	NW	37	BOS		10/03/2001	BOS	 	 			173 PRINCE ST BOSTON MA		42.36686	-71.0577
24	ALICE	SYMES	SYMES ALICE 9/1/1970	09/01/1970	SA	6 PHILLIPS ST	BOSTON	"6 PHILLIPS ST,BOSTON,MA"	MA	2114	06/08/2001	BA 215 6/8/2001	BA	215	BOS				 	 			6 PHILLIPS ST BOSTON MA		42.36027	-71.06666
13	FRED	ZINGARELLI	ZINGARELLI FRED 10/25/1965	10/25/1965	SA	6 PHILLIPS ST	BOSTON	"6 PHILLIPS ST,BOSTON,MA"	MA	2114	08/26/2001	LH 422 8/26/2001	LH	422	BOS		08/31/2001	BOS	 	 			6 PHILLIPS ST BOSTON MA		42.36027	-71.06666
69	STEVE	SEELY	SEELY STEVE 3/27/1952	03/27/1952	SA	18652 VAN BUREN ST	DETROIT	"18652 VAN BUREN ST,DETROIT,MI"	MI	48228	09/06/2001	SV 35 9/6/2001	SV	35	NYC		10/18/2001	JFK	 	 			18652 VAN BUREN ST DETROIT MI		42.35605	-83.22327
288	DAVE	PENNINGTON	PENNINGTON DAVE 6/9/1982	06/09/1982	UK	227 FANEUIL ST	BRIGHTON	"227 FANEUIL ST,BRIGHTON,MA"	MA	2135	07/17/2000	VS 11 7/17/2000	VS	11	BOS	CP			 	 			227 FANEUIL ST BRIGHTON MA		42.35333	-71.15945
149	JOHN	EDWARDS	EDWARDS JOHN 9/13/1974	09/13/1974	SA	89 ESSEX ST	BOSTON	"89 ESSEX ST,BOSTON,MA"	MA	2111	06/05/2000	TW 891 6/5/2000	TW	891	NYC		08/28/2000	JFK	 	 			89 ESSEX ST BOSTON MA		42.35246	-71.05991
299	JIM	LAMOREAUX	LAMOREAUX JIM 10/28/1964	10/28/1964	PK	165 SACHEM AVE	WORCESTER	"165 SACHEM AVE,WORCESTER,MA"	MA	1606	05/30/1993	UA 921 5/30/1993	UA	921	IAD	B2			 	 			165 SACHEM AVE WORCESTER MA		42.3037	-71.78055
301	JIM	PENN	PENN JIM 8/11/1955	08/11/1955	EG	74 LINDSEY ST	DORCHESTER	"74 LINDSEY ST,DORCHESTER,MA"	MA	2124	02/16/1989	KL 558 2/16/1989	KL	558	NYC	H1			 	 			74 LINDSEY ST DORCHESTER MA		42.29735	-71.0695
297	JIM	JACKSON	JACKSON JIM 10/28/1964	10/28/1964	PK	71 PRESTON ST	WORCESTER	"71 PRESTON ST,WORCESTER,MA"	MA	1610	06/05/1991	PA 35 6/5/1991	PA	35	NYC	B2	06/20/1991	IAD	 	 			71 PRESTON ST WORCESTER MA		42.25915	-71.81141
298	JIM	LAMOREAUX	LAMOREAUX JIM 10/28/1964	10/28/1964	PK	71 PRESTON ST	WORCESTER	"71 PRESTON ST,WORCESTER,MA"	MA	1610	12/24/1989	PK 717 12/24/1989	PK	717	NYC	B2	01/01/1990	NYC	 	 			71 PRESTON ST WORCESTER MA		42.25915	-71.81141
124	JOHN	HALE	HALE JOHN 6/1/1965	06/01/1965	AE	784 S DIVISION ST	BARRINGTON	"784 S DIVISION ST,BARRINGTON,IL"	IL	60010	08/11/2001	KL 611 8/11/2001	KL	611	CHI		08/19/2001	JFK	 	 			784 S DIVISION ST BARRINGTON IL		42.14446	-88.12999
304	JIM	MAYER	MAYER JIM 9/5/1970	09/05/1970	LB	39 FRANCIS ST	SPRINGFIELD	"39 FRANCIS ST,SPRINGFIELD,MA"	MA	1104	12/25/1992	CO 63 12/25/1992	CO	63	NEW	B2	01/09/1993	NEW	 	 			39 FRANCIS ST SPRINGFIELD MA		42.13104	-72.58871
303	JIM	MAYER	MAYER JIM 9/5/1970	09/05/1970	LB	37 TURNER ST	SPRINGFIELD	"37 TURNER ST,SPRINGFIELD,MA"	MA	1108	12/17/2000	AF 332 12/17/2000	AF	332	BOS		01/21/2001	BOS	 	 			37 TURNER ST SPRINGFIELD MA		42.07953	-72.54052
222	JACK	RUPPERT	RUPPERT JACK 1/22/1963	01/22/1963	EG	1443 N DEARBORN PKWY	CHICAGO	"1443 N DEARBORN PKWY,CHICAGO,IL"	IL	60610	12/29/1995	TW 891 12/29/1995	TW	891	NYC	A2			 	 			1443 N DEARBORN PKWY CHICAGO IL		41.90856	-87.63016
290	DAVE	GRANT	GRANT DAVE 6/2/1958	06/02/1958	SY	259 S WELLS ST	CHICAGO	"259 S WELLS ST,CHICAGO,IL"	IL	60604	07/12/1990	SR 124 7/12/1990	SR	124	CHI	B2	09/08/1990	CHI	 	 			259 S WELLS ST CHICAGO IL		41.87871	-87.63374
257	DAVE	BAKER	BAKER DAVE 6/25/1963	06/25/1963	EG	2243 S PRINCETON AVE	CHICAGO	"2243 S PRINCETON AVE,CHICAGO,IL"	IL	60616	09/30/1999	AA 87 9/30/1999	AA	87	CHI	B2			 	 			2243 S PRINCETON AVE CHICAGO IL		41.85164	-87.63469
38	MARTY	ARMSTRONG	ARMSTRONG MARTY 2/25/1979	02/25/1979	SA	1466 WAYLAND DR	COLUMBUS	"1466 WAYLAND DR,APT,728,COLUMBUS,OH"	OH	43207	01/13/2000	SA 35 1/13/2000	SA	35	NYC				 	 		APT	1466 WAYLAND DR COLUMBUS OH	728	41.71848	-83.48202
249	ALICE	BOKOVOY	BOKOVOY ALICE 11/14/1952	11/14/1952	EG	484 CLARK ST	IOWA CITY	"484 CLARK ST,IOWA CITY,IA"	IA	52240	06/24/1999	SV 35 6/24/1999	SV	35	NYC	H1			 	 			484 CLARK ST IOWA CITY IA		41.65539	-91.51963
256	DAVE	BAKER	BAKER DAVE 6/25/1963	06/25/1963	EG	4117 204TH ST	MATTESON	"4117 204TH ST,MATTESON,IL"	IL	60443	08/11/1999	AZ 638 8/11/1999	AZ	638	CHI	B2	08/18/1999	ORD	 	 			4117 204TH ST MATTESON IL		41.51878	-87.71607
66	PAUL	STILES	STILES PAUL 10/3/1977	10/03/1977	SA	420 ELM ST	WEST HAVEN	"420 ELM ST,WEST HAVEN,CT"	CT	6516	02/24/2000	KL 641 2/24/2000	KL	641	NYC				 	 			420 ELM ST WEST HAVEN CT		41.27354	-72.95699
159	CAROL	EDWARDS	EDWARDS CAROL 8/9/1973	08/09/1973	EG	158 DAWSON AVE	WEST HAVEN	"158 DAWSON AVE,WEST HAVEN,CT"	CT	6516	06/23/1998	AT 204 6/23/1998	AT	204	NYC	B1	09/20/1998	NYC	 	 			158 DAWSON AVE WEST HAVEN CT		41.24989	-72.96927
226	JACK	CARNAHAN	CARNAHAN JACK 11/1/1957	11/01/1957	EG	4077 COLDWATER RD	FORT WAYNE	"4077 COLDWATER RD,FORT WAYNE,IN"	IN	46805	06/23/1996	TW 841 6/23/1996	TW	841	NYC	B1	07/01/1996	NYC	 	 			4077 COLDWATER RD FORT WAYNE IN		41.11386	-85.13523
139	ALICE	EDWARDS	EDWARDS ALICE 5/23/1980	05/23/1980	SA	681 BRIXEN	SALT LAKE CITY	"681 BRIXEN,SALT LAKE CITY,UT"	UT	84102	08/28/2001	SV 35 8/28/2001	SV	35	NYC				 	 			681 BRIXEN SALT LAKE CITY UT		40.75461	-111.86458
232	JACK	GIBBS	GIBBS JACK 2/9/1981	02/09/1981	FR	103 42ND AVE	CORONA 	"103 42ND AVE,CORONA ,NY"	NY	11368	07/07/2000	950 7/7/2000		950	NYC	CP			 	 			103 42ND AVE CORONA NY		40.74841	-73.86091
158	CAROL	EDWARDS	EDWARDS CAROL 8/9/1973	08/09/1973	EG	30 W BROADWAY	NEW YORK	"30 W BROADWAY,NEW YORK,NY"	NY	10007	06/18/1997	TW 891 6/18/1997	TW	891	NYC	B2			 	 			30 W BROADWAY NEW YORK NY		40.71368	-74.01063
233	JACK	KOTTEK	KOTTEK JACK 2/9/1981	02/09/1981	FR	47 VERMONT BLVD	NEW YORK	"47 VERMONT BLVD,NEW YORK,NY"	NY		07/10/1999	950 7/10/1999		950	NYC	WT			 	 			47 VERMONT BLVD NEW YORK NY		40.68347	-73.89515
239	TANYA	OSAK	OSAK TANYA 4/30/1976	04/30/1976	DZ	57 PARK PL	NEW YORK	"57 PARK PL,NEW YORK,NY"	NY	10007	02/12/1999	JM 19 2/12/1999	JM	19	NEW	A1	02/13/1999	NYC	 	 			57 PARK PL NEW YORK NY		40.67913	-73.97651
254	ALICE	JACKSON	JACKSON ALICE 5/18/1964	05/18/1964	EG	219 E 23 ST	NEW YORK	"219 E 23 ST,NEW YORK,NY"	NY	11226	11/10/2001	MS 983 11/10/2001	MS	983	NYC				 	 			219 E 23 ST NEW YORK NY		40.64417	-73.95562
198	TED	MCCLELLAN	MCCLELLAN TED 1/3/1966	01/03/1966	EG	125 GREGG PL	STATEN ISLAND	"125 GREGG PL,STATEN ISLAND,NY"	NY	10301	08/21/1988	LA 140 8/21/1988	LA	140	NYC	B2	08/23/1988	NYC	 	 			125 GREGG PL STATEN ISLAND NY		40.63181	-74.10176
240	TANYA	OSAK	OSAK TANYA 4/30/1976	04/30/1976	NG	2350 E 15TH ST	BROOKLYN	"2350 E 15TH ST,BROOKLYN,NY"	NY	11229	09/21/1985	9/21/1985			NYC	G2	10/04/1985	NYC	 	 			2350 E 15TH ST BROOKLYN NY		40.59325	-73.95535
213	ROD	PICCOLA	PICCOLA ROD 1/6/1978	01/06/1978	EG	77 NORFOLK ST	NEW YORK	"77 NORFOLK ST,NEW YORK,NY"	NY	10002	06/29/2001	MS 985 6/29/2001	MS	985	NYC		07/24/2001	JFK	 	 			77 NORFOLK ST NEW YORK NY		40.58002	-73.93901
138	ALICE	EDWARDS	EDWARDS ALICE 5/23/1980	05/23/1980	SA	1580 RIVERTON RANCH RD	RIVERTON	"1580 RIVERTON RANCH RD,RIVERTON,UT"	UT	84065	01/05/2001	SV 21 1/5/2001	SV	21	NYC				 	 			1580 RIVERTON RANCH RD RIVERTON UT		40.51414	-111.93588
36	MARTY	ARMSTRONG	ARMSTRONG MARTY 2/25/1979	02/25/1979	SA	423 ELLISON ST	COLUMBUS	"423 ELLISON ST,COLUMBUS,OH"	OH	43203	12/29/2000	SA 21 12/29/2000	SA	21	NYC				 	 			423 ELLISON ST COLUMBUS OH		39.97448	-82.97201
37	MARTY	ARMSTRONG	ARMSTRONG MARTY 2/25/1979	02/25/1979	SA	423 ELLISON ST	COLUMBUS	"423 ELLISON ST,COLUMBUS,OH"	OH	43203	08/14/2001	SA 35 8/14/2001	SA	35	NYC				 	 			423 ELLISON ST COLUMBUS OH		39.97448	-82.97201
219	DAN	LAMOREAUX	LAMOREAUX DAN 6/5/1973	06/05/1973	NG	5744 MARKET ST	PHILADELPHIA	"5744 MARKET ST,PHILADELPHIA,PA"	PA	19139	05/20/1993	LH 400 5/20/1993	LH	400	NYC	B1	06/13/1993	DAL	 	 			5744 MARKET ST PHILADELPHIA PA		39.96136	-75.23567
220	DAN	LAMOREAUX	LAMOREAUX DAN 6/5/1973	06/05/1973	NG	5744 MARKET ST	PHILADELPHIA	"5744 MARKET ST,PHILADELPHIA,PA"	PA	19139	03/14/1993	SR 110 3/14/1993	SR	110	NYC	B2	03/22/1993	NYC	 	 			5744 MARKET ST PHILADELPHIA PA		39.96136	-75.23567
227	JACK	COWLISHAW	COWLISHAW JACK 8/22/1971	08/22/1971	EG	1073 RAWLEY LN	MORGANTOWN	"1073 RAWLEY LN,MORGANTOWN,WV"	WV	26505	03/23/2001	TW 891 3/23/2001	TW	891	NYC		10/19/2001	JFK	 	 			1073 RAWLEY LN MORGANTOWN WV		39.65307	-79.96989
98	ALICE	MILLER	MILLER ALICE 11/28/1979	11/28/1979	AE	898 HIGGINS ST	CLINTON	"898 HIGGINS ST,CLINTON,IN"	IN	47842	01/09/2001	UA 953 1/9/2001	UA	953	CHI				 	 			898 HIGGINS ST CLINTON IN		39.64993	-87.40789
9	BILL	ANDERSON	ANDERSON BILL 2/25/1973	02/25/1973	SA	1053 CAMDEN AVE	CUMBERLAND	"1053 CAMDEN AVE,CUMBERLAND,MD"	MD	21502	01/31/1996	BA 213 1/31/1996	BA	213	BOS	B1	02/04/1996	CHI	 	 			1053 CAMDEN AVE CUMBERLAND MD		39.64867	-78.79108
10	BILL	ANDERSON	ANDERSON BILL 2/25/1973	02/25/1973	SA	1053 CAMDEN AVE	CUMBERLAND	"1053 CAMDEN AVE,CUMBERLAND,MD"	MD	21502	01/28/1997	NW 6 1/28/1997	NW	6	CHI	B1			 	 			1053 CAMDEN AVE CUMBERLAND MD		39.64867	-78.79108
156	CAROL	EDWARDS	EDWARDS CAROL 8/9/1973	08/09/1973	EG	1053 CAMDEN AVE	CUMBERLAND	"1053 CAMDEN AVE,CUMBERLAND,MD"	MD	21502	06/13/1999	AT 204 6/13/1999	AT	204	NYC	B1	09/09/1999	JFK	 	 			1053 CAMDEN AVE CUMBERLAND MD		39.64867	-78.79108
109	PETER	MAJOR	MAJOR PETER 5/9/1978	05/09/1978	AE	1053 CAMDEN AVE	CUMBERLAND	"1053 CAMDEN AVE,CUMBERLAND,MD"	MD	21502	01/18/2001	AT 204 1/18/2001	AT	204	NYC		04/18/2001	MIA	 	 	c:\CaseX\photos\Timothy_Hynes.jpg		1053 CAMDEN AVE CUMBERLAND MD		39.64867	-78.79108
157	CAROL	EDWARDS	EDWARDS CAROL 8/9/1973	08/09/1973	EG	118 W 2ND ST	CUMBERLAND	"118 W 2ND ST,CUMBERLAND,MD"	MD	21502	06/16/1996	TW 891 6/16/1996	TW	891	NYC	B2	10/30/1996	NYC	 	 			118 W 2ND ST CUMBERLAND MD		39.63678	-78.76455
160	CINDY	SMART	SMART CINDY 4/19/1982	04/19/1982	PK	118 W 2ND ST	CUMBERLAND	"118 W 2ND ST,CUMBERLAND,MD"	MD	21502	09/18/2001	BA 283 9/18/2001	BA	283	LOS				 	 			118 W 2ND ST CUMBERLAND MD		39.63678	-78.76455
111	DAVE	LANE	LANE DAVE 5/3/1952	05/03/1952	AE	1061 ROSE HILL AVE	HAGERSTOWN	"1061 ROSE HILL AVE,HAGERSTOWN,MD"	MD	21740	05/14/2001	KL 665 5/14/2001	KL	665	SPM		06/11/2001	MSP	 	 			1061 ROSE HILL AVE HAGERSTOWN MD		39.6219	-77.72395
108	PETER	MAJOR	MAJOR PETER 5/9/1978	05/09/1978	AE	1061 ROSE HILL AVE	HAGERSTOWN	"1061 ROSE HILL AVE,HAGERSTOWN,MD"	MD	21740	05/02/2001	NW 57 5/2/2001	NW	57	MIA				 	 	c:\CaseX\photos\Timothy_Hynes.jpg		1061 ROSE HILL AVE HAGERSTOWN MD		39.6219	-77.72395
120	JOHN	PETTY	PETTY JOHN 8/1/1981	08/01/1981	AE	1061 ROSE HILL AVE	HAGERSTOWN	"1061 ROSE HILL AVE,HAGERSTOWN,MD"	MD	21740	01/13/2001	UA 945 1/13/2001	UA	945	CHI				 	 			1061 ROSE HILL AVE HAGERSTOWN MD		39.6219	-77.72395
228	JACK	CARVER	CARVER JACK 8/22/1971	08/22/1971	EG	251 CHALESTON AVE	MORGANTOWN	"251 CHALESTON AVE,MORGANTOWN,WV"	WV	26501	11/03/2001	AZ 604 11/3/2001	AZ	604	NYC				 	 			251 CHALESTON AVE MORGANTOWN WV		39.61765	-79.94933
293	JIM	MOXLEY	MOXLEY JIM 11/16/1948	11/16/1948	IR	598 WINSLOW DR	BEL AIR	"598 WINSLOW DR,BEL AIR,MD"	MD	21015	10/09/1985	10/9/1985			BOS	B2			 	 			598 WINSLOW DR BEL AIR MD		39.54259	-76.30247
305	DONNA	RAWLS	RAWLS DONNA 5/11/1975	05/11/1975	LB	598 WINSLOW DR	BEL AIR	"598 WINSLOW DR,BEL AIR,MD"	MD	21015	02/25/2001	CO 37 2/25/2001	CO	37	NEW		03/30/2001	ATL	 	 	c:\CaseX\photos\Jennifer_Ozolek.jpg		598 WINSLOW DR BEL AIR MD		39.54259	-76.30247
306	DONNA	RAWLS	RAWLS DONNA 5/11/1975	05/11/1975	LB	598 WINSLOW DR	BEL AIR	"598 WINSLOW DR,BEL AIR,MD"	MD	21015	04/13/2001	KL 621 4/13/2001	KL	621	ATL		07/25/2001	EWR	 	 	c:\CaseX\photos\Jennifer_Ozolek.jpg		598 WINSLOW DR BEL AIR MD		39.54259	-76.30247
184	JOHN	DEWOLF	DEWOLF JOHN 7/25/1954	07/25/1954	EG	8298 OLD LINE DR	FREDERICK	"8298 OLD LINE DR,FREDERICK,MD"	MD	21701	03/14/1989	PA 7 3/14/1989	PA	7	SFR	B1	04/04/1989	NYC	 	 			8298 OLD LINE DR FREDERICK MD		39.4524	-77.38066
188	TIM	HELLAND	HELLAND TIM 9/8/1979	09/08/1979	EG	8298 OLD LINE DR	FREDERICK	"8298 OLD LINE DR,FREDERICK,MD"	MD	21701	04/01/1998	TW 891 4/1/1998	TW	891	NYC	A2	06/11/1999	NYC	 	 			8298 OLD LINE DR FREDERICK MD		39.4524	-77.38066
195	TED	SMART	SMART TED 8/1/1955	08/01/1955	EG	8298 OLD LINE DR	FREDERICK	"8298 OLD LINE DR,FREDERICK,MD"	MD	21701	05/22/1989	PA 61 5/22/1989	PA	61	IAD	A2			 	 			8298 OLD LINE DR FREDERICK MD		39.4524	-77.38066
169	CINDY	DEWOLF	DEWOLF CINDY 11/28/1945	11/28/1945	EG	586 E VINE ST	MILLVILLE	"586 E VINE ST,MILLVILLE,NJ"	NJ	8332	02/27/1993	KL 641 2/27/1993	KL	641	NYC	B1	03/12/1993	ATL	 	 			586 E VINE ST MILLVILLE NJ		39.39931	-75.0317
307	DONNA	RAWLS	RAWLS DONNA 5/11/1975	05/11/1975	LB	12332 ROSSWOOD DR	MONROVIA	"12332 ROSSWOOD DR,MONROVIA,MD"	MD	21770	01/05/2001	CO 37 1/5/2001	CO	37	NEW		01/26/2001	EWR	 	 	c:\CaseX\photos\Jennifer_Ozolek.jpg		12332 ROSSWOOD DR MONROVIA MD		39.37219	-77.23776
308	DONNA	RAWLS	RAWLS DONNA 5/11/1975	05/11/1975	LB	12332 ROSSWOOD DR	MONROVIA	"12332 ROSSWOOD DR,MONROVIA,MD"	MD	21770	10/29/2000	DE 7178 10/29/2000	DE	7178	TAM				 	 	c:\CaseX\photos\Jennifer_Ozolek.jpg		12332 ROSSWOOD DR MONROVIA MD		39.37219	-77.23776
309	DONNA	RAWLS	RAWLS DONNA 5/11/1975	05/11/1975	LB	12332 ROSSWOOD DR	MONROVIA	"12332 ROSSWOOD DR,MONROVIA,MD"	MD	21770	06/27/2000	DL 131 6/27/2000	DL	131	ATL	B2			 	 	c:\CaseX\photos\Jennifer_Ozolek.jpg		12332 ROSSWOOD DR MONROVIA MD		39.37219	-77.23776
310	DONNA	RAWLS	RAWLS DONNA 5/11/1975	05/11/1975	LB	12332 ROSSWOOD DR	MONROVIA	"12332 ROSSWOOD DR,MONROVIA,MD"	MD	21770	11/25/2000	11/25/2000			MIA		12/26/2000	MIA	 	 	c:\CaseX\photos\Jennifer_Ozolek.jpg		12332 ROSSWOOD DR MONROVIA MD		39.37219	-77.23776
126	DAWN	DAWKINS	DAWKINS DAWN 3/3/1970	03/03/1970	AE	1105 IRONMOULDERS ST	LEAVENWORTH	"1105 IRONMOULDERS ST,LEAVENWORTH,KS"	KS	66048	09/10/2000	NW 55 9/10/2000	NW	55	SPM		12/15/2000	SPM	 	 			1105 IRONMOULDERS ST LEAVENWORTH KS		39.30745	-94.92999
127	DAWN	DAWKINS	DAWKINS DAWN 3/3/1970	03/03/1970	AE	1105 IRONMOULDERS ST	LEAVENWORTH	"1105 IRONMOULDERS ST,LEAVENWORTH,KS"	KS	66048	01/06/2001	NW 67 1/6/2001	NW	67	DET		06/01/2001	DET	 	 			1105 IRONMOULDERS ST LEAVENWORTH KS		39.30745	-94.92999
289	DAVE	GIBBS	GIBBS DAVE 1/1/1963	01/01/1963	LB	1046 N FRONT ST	BALTIMORE	"1046 N FRONT ST,BALTIMORE,MD"	MD	21202	06/21/1988	6/21/1988			NYC	J1			 	 			1046 N FRONT ST BALTIMORE MD		39.29692	-76.6074
165	CINDY	JORDAN	JORDAN CINDY 10/29/1945	10/29/1945	NG	1872 W BALTIMORE ST	BALTIMORE	"1872 W BALTIMORE ST,BALTIMORE,MD"	MD	21223	04/19/1987	BR 267 4/19/1987	BR	267	NYC	J1	04/30/1987	NYC	 	 			1872 W BALTIMORE ST BALTIMORE MD		39.28823	-76.64653
2	CORA	AARON	AARON CORA 5/1/1977	05/01/1977	SA	5545 WOODLYN DR	FREDERICK	"5545 WOODLYN DR,APT,457,FREDERICK,MD"	MD	21703	01/21/2000	SV 21 1/21/2000	SV	21	NYC		07/04/2001	MCO	 	 		APT	5545 WOODLYN DR FREDERICK MD	457	39.28233	-76.52593
115	DAVE	LUADERS	LUADERS DAVE 2/16/1977	02/16/1977	AE	478 S EASTSIDE DR	BLOOMINGTON	"478 S EASTSIDE DR,BLOOMINGTON,IN"	IN	47401	08/23/2001	LH 446 8/23/2001	LH	446	DEN				 	 			478 S EASTSIDE DR BLOOMINGTON IN		39.16245	-86.52099
15	FRED	RICHIE	RICHIE FRED 10/16/1966	10/16/1966	SA	5545 WOODLYN DR	FREDERICK	"5545 WOODLYN DR,APT,405,FREDERICK,MD"	MD	21703	06/15/2001	SV 55 6/15/2001	SV	55	NYC		06/21/2001	JFK	 	 		APT	5545 WOODLYN DR FREDERICK MD	405	39.14202	-76.54305
90	SUE	MILLER	MILLER SUE 10/22/1969	10/22/1969	AE	124 ROLLING RD	GAITHERSBURG	"124 ROLLING RD,GAITHERSBURG,MD"	MD	20877	09/20/2000	LH 416 9/20/2000	LH	416	IAD		11/22/2000	IAD	 	 			124 ROLLING RD GAITHERSBURG MD		39.1397	-77.19004
91	SUE	MILLER	MILLER SUE 10/22/1969	10/22/1969	AE	124 ROLLING RD	GAITHERSBURG	"124 ROLLING RD,GAITHERSBURG,MD"	MD	20877	11/27/2000	UA 917 11/27/2000	UA	917	IAD		12/28/2000	IAD	 	 			124 ROLLING RD GAITHERSBURG MD		39.1397	-77.19004
97	ALICE	MILLER	MILLER ALICE 11/28/1979	11/28/1979	AE	5545 WOODLYN DR	FREDERICK	"5545 WOODLYN DR,APT,411,FREDERICK,MD"	MD	21703	01/11/2000	UA 959 1/11/2000	UA	959	CHI		07/04/2000	ORD	 	 		APT	5545 WOODLYN DR FREDERICK MD	411	39.13641	-76.54813
278	PAUL	CONNOR	CONNOR PAUL 9/26/1969	09/26/1969	SA	1320 ORCHARD WAY	FREDERICK	"1320 ORCHARD WAY,APT,222,FREDERICK,MD"	MD	21703	07/13/2000	SV 35 7/13/2000	SV	35	IAD		08/03/2000	IAD	 	 		APT	1320 ORCHARD WAY FREDERICK MD	222	39.13014	-76.54034
202	DOUG	MORGAN	MORGAN DOUG 9/1/1968	09/01/1968	EG	6756 OREM DR	LAUREL	"6756 OREM DR,LAUREL,MD"	MD	20707	07/19/2001	DL 109 7/19/2001	DL	109	ATL				 	 	c:\CaseX\photos\Barry_Spencer.jpg		6756 OREM DR LAUREL MD		39.11105	-76.88882
136	ALICE	LEVINE	LEVINE ALICE 10/20/1979	10/20/1979	SA	1812 NORTON AVE	KANSAS CITY	"1812 NORTON AVE,KANSAS CITY,MO"	MO	64127	07/13/2000	SU 315 7/13/2000	SU	315	NYC		10/16/2000	ORD	 	 			1812 NORTON AVE KANSAS CITY MO		39.08955	-94.53455
148	JOHN	KILLPATRICK	KILLPATRICK JOHN 7/1/1970	07/01/1970	SA	1880 ROCKVILLE PIKE	ROCKVILLE	"1880 ROCKVILLE PIKE,ROCKVILLE,MD"	MD		07/17/2001	SV 35 7/17/2001	SV	35	IAD				 	 			1880 ROCKVILLE PIKE ROCKVILLE MD		39.05952	-77.12183
196	TED	SCHMITT	SCHMITT TED 4/24/1957	04/24/1957	EG	23 LINDA LN	MILLERSVILLE	"23 LINDA LN,MILLERSVILLE,MD"	MD	21108	06/10/1990	MS 985 6/10/1990	MS	985	NYC	A2	06/11/1991	NYC	 	 			23 LINDA LN MILLERSVILLE MD		39.05731	-76.6456
241	TANYA	OSAK	OSAK TANYA 4/30/1976	04/30/1976	DZ	973 MT HOLLY DR	ANNAPOLIS	"973 MT HOLLY DR,ANNAPOLIS,MD"	MD	21401	09/17/2000	AF 10 9/17/2000	AF	10	NYC		09/19/2000	EWR	 	 			973 MT HOLLY DR ANNAPOLIS MD		39.04249	-76.44834
242	TANYA	OSAK	OSAK TANYA 4/30/1976	04/30/1976	DZ	973 MT HOLLY DR	ANNAPOLIS	"973 MT HOLLY DR,ANNAPOLIS,MD"	MD	21401	11/26/1999	BA 113 11/26/1999	BA	113	NYC	A1	12/03/1999	JFK	 	 			973 MT HOLLY DR ANNAPOLIS MD		39.04249	-76.44834
243	TANYA	OSAK	OSAK TANYA 4/30/1976	04/30/1976	DZ	973 MT HOLLY DR	ANNAPOLIS	"973 MT HOLLY DR,ANNAPOLIS,MD"	MD	21401	09/19/1998	IB 6251 9/19/1998	IB	6251	NYC	A1	10/02/1998	JFK	 	 			973 MT HOLLY DR ANNAPOLIS MD		39.04249	-76.44834
244	TANYA	OSAK	OSAK TANYA 4/30/1976	04/30/1976	DZ	973 MT HOLLY DR	ANNAPOLIS	"973 MT HOLLY DR,ANNAPOLIS,MD"	MD	21401	02/08/1999	IB 6251 2/8/1999	IB	6251	NYC	A1	02/10/1999	EWR	 	 			973 MT HOLLY DR ANNAPOLIS MD		39.04249	-76.44834
245	TANYA	OSAK	OSAK TANYA 4/30/1976	04/30/1976	DZ	973 MT HOLLY DR	ANNAPOLIS	"973 MT HOLLY DR,ANNAPOLIS,MD"	MD	21401	09/22/1996	SR 104 9/22/1996	SR	104	NEW	G2	10/03/1996	NYC	 	 			973 MT HOLLY DR ANNAPOLIS MD		39.04249	-76.44834
189	TIM	HELLAND	HELLAND TIM 9/8/1979	09/08/1979	EG	4102 SYCAMORE ST	CHEVY CHASE	"4102 SYCAMORE ST,CHEVY CHASE,MD"	MD	20815	06/16/2000	IB 6251 6/16/2000	IB	6251	NYC	A2			 	 			4102 SYCAMORE ST CHEVY CHASE MD		38.98091	-77.08128
190	TIM	HELLAND	HELLAND TIM 9/8/1979	09/08/1979	EG	4102 SYCAMORE ST	CHEVY CHASE	"4102 SYCAMORE ST,CHEVY CHASE,MD"	MD	20815	02/07/1991	PA 2/7/1991	PA		IAD	A2	02/22/1991	CIN	 	 			4102 SYCAMORE ST CHEVY CHASE MD		38.98091	-77.08128
191	TIM	HELLAND	HELLAND TIM 9/8/1979	09/08/1979	EG	4102 SYCAMORE ST	CHEVY CHASE	"4102 SYCAMORE ST,CHEVY CHASE,MD"	MD	20815	04/28/1995	TW 291 4/28/1995	TW	291	NYC	A2			 	 			4102 SYCAMORE ST CHEVY CHASE MD		38.98091	-77.08128
192	TIM	HELLAND	HELLAND TIM 9/8/1979	09/08/1979	EG	4102 SYCAMORE ST	CHEVY CHASE	"4102 SYCAMORE ST,CHEVY CHASE,MD"	MD	20815	01/29/1993	TW 803 1/29/1993	TW	803	NYC	A2	02/14/1993	NYC	 	 			4102 SYCAMORE ST CHEVY CHASE MD		38.98091	-77.08128
193	TIM	HELLAND	HELLAND TIM 9/8/1979	09/08/1979	EG	4102 SYCAMORE ST	CHEVY CHASE	"4102 SYCAMORE ST,CHEVY CHASE,MD"	MD	20815	03/18/1994	TW 881 3/18/1994	TW	881	NYC	A2	04/02/1994	NYC	 	 			4102 SYCAMORE ST CHEVY CHASE MD		38.98091	-77.08128
194	TIM	HELLAND	HELLAND TIM 9/8/1979	09/08/1979	EG	4102 SYCAMORE ST	CHEVY CHASE	"4102 SYCAMORE ST,CHEVY CHASE,MD"	MD	20815	06/12/1992	TW 803 6/12/1992	TW	803	NYC	A2	06/27/1992	NYC	 	 			4102 SYCAMORE ST CHEVY CHASE MD		38.98091	-77.08128
16	FRED	SYMES	SYMES FRED 9/23/1968	09/23/1968	SA	11373 LINKS CT	RESTON	"11373 LINKS CT,RESTON,VA"	VA	20190	06/03/2001	SV 39 6/3/2001	SV	39	IAD				 	 			11373 LINKS CT RESTON VA		38.95881	-77.33846
73	STEVE	LINDSEY	LINDSEY STEVE 12/18/1975	12/18/1975	SA	1532 CHANNING ST NE	WASHINGTON	"1532 CHANNING ST NE,WASHINGTON,DC"	DC	20018	08/13/2000	AF 28 8/13/2000	AF	28	IAD				 	 			1532 CHANNING ST NE WASHINGTON DC		38.92287	-76.98192
164	CINDY	MACDONALD	MACDONALD CINDY 11/25/1955	11/25/1955	EG	1784 Q ST NW	WASHINGTON	"1784 Q ST NW,WASHINGTON,DC"	DC	20009	08/05/1994	MS 985 8/5/1994	MS	985	NYC	B2	09/16/1994	NYC	 	 			1784 Q ST NW WASHINGTON DC		38.91106	-77.04122
105	DAVE	LATHAM	LATHAM DAVE 11/26/1973	11/26/1973	AE	3184 N ST NW	WASHINGTON	"3184 N ST NW,WASHINGTON,DC"	DC	20007	11/13/2001	BA 223 11/13/2001	BA	223	IAD				 	 			3184 N ST NW WASHINGTON DC		38.90676	-77.06281
134	JIM	JOHANSON	JOHANSON JIM		SA	334 ORCHARD ST NW	VIENNA	"334 ORCHARD ST NW,VIENNA,VA"	VA	22180	08/24/2001	SV 37 8/24/2001	SV	37	IAD				 	 			334 ORCHARD ST NW VIENNA VA		38.90052	-77.2723
141	ALICE	KILLPATRICK	KILLPATRICK ALICE 4/7/1951	04/07/1951	SA	918 55TH ST NE	WASHINGTON	"918 55TH ST NE,WASHINGTON,DC"	DC	20019	08/21/2001	SV 35 8/21/2001	SV	35	IAD		10/28/2001	IAD	 	 			918 55TH ST NE WASHINGTON DC		38.90033	-76.92091
186	TIM	HELLAND	HELLAND TIM 9/8/1979	09/08/1979	EG	2899 ROBINSON PL SE	WASHINGTON	"2899 ROBINSON PL SE,WASHINGTON,DC"	DC	20020	01/21/2001	MS 985 1/21/2001	MS	985	NYC		01/28/2001	JFK	 	 			2899 ROBINSON PL SE WASHINGTON DC		38.8505	-76.98604
64	PAUL	PETERSON	PETERSON PAUL 6/18/1977	06/18/1977	SA	10003 DUNCAN ST	FAIRFAX	"10003 DUNCAN ST,FAIRFAX,VA"	VA	22031	09/01/2001	SV 41 9/1/2001	SV	41	IAD				 	 			10003 DUNCAN ST FAIRFAX VA		38.84701	-77.2905
1	ALICE	ROSS	ROSS ALICE 5/30/1963	05/30/1963	SA	5545 WOODLYN DR	FREDERICK	"5545 WOODLYN DR,APT,335,FREDERICK,MD"	MD	21703	08/16/2001	SV 35 8/16/2001	SV	35	NYC		09/04/2001	JFK	 	 		APT	5545 WOODLYN DR FREDERICK MD	335	38.44057	-75.05375
43	ALICE	SCHEINMAN	SCHEINMAN ALICE 9/3/1979	09/03/1979	SA	5545 WOODLYN DR	FREDERICK	"5545 WOODLYN DR,APT,135,FREDERICK,MD"	MD	21703	02/08/2001	SR 106 2/8/2001	SR	106	LOS				 	 		APT	5545 WOODLYN DR FREDERICK MD	135	38.44057	-75.05375
286	DAVE	PENN	PENN DAVE 3/6/1981	03/06/1981	SA	1320 ORCHARD WAY	FREDERICK	"1320 ORCHARD WAY,APT,134,FREDERICK,MD"	MD	21703	01/11/2001	SV 35 1/11/2001	SV	35	IAD		07/27/2001	IAD	 	 		APT	1320 ORCHARD WAY FREDERICK MD	134	38.43954	-75.05194
296	JIM	CATHCART	CATHCART JIM 7/10/1953	07/10/1953	NG	1320 ORCHARD WAY	FREDERICK	"1320 ORCHARD WAY,APT,433,FREDERICK,MD"	MD	21703	03/08/1987	AF 1 3/8/1987	AF	1	NYC	C3	03/08/1987	NYC	 	 		APT	1320 ORCHARD WAY FREDERICK MD	433	38.4386	-75.05289
161	CINDY	SMART	SMART CINDY 4/19/1982	04/19/1982	PK	5545 WOODLYN DR	FREDERICK	"5545 WOODLYN DR,APT,122,FREDERICK,MD"	MD	21703	01/05/2000	TW 891 1/5/2000	TW	891	NYC	F1			 	 		APT	5545 WOODLYN DR FREDERICK MD	122	38.42733	-75.05561
311	DONNA	RAWLS	RAWLS DONNA 5/11/1975	05/11/1975	LB	1320 ORCHARD WAY	FREDERICK	"1320 ORCHARD WAY,APT,120,FREDERICK,MD"	MD	21703	08/05/2001	CO 37 8/5/2001	CO	37	NEW				 	 	c:\CaseX\photos\Jennifer_Ozolek.jpg	APT	1320 ORCHARD WAY FREDERICK MD	120	38.42536	-75.05596
217	DAN	LAMOREAUX	LAMOREAUX DAN 6/5/1973	06/05/1973	NG	274 LONGMORE ST	LEONARDTOWN	"274 LONGMORE ST,LEONARDTOWN,MD"	MD	20650	11/25/2000	BA 217 11/25/2000	BA	217	IAD		12/09/2000	IAD	 	 			274 LONGMORE ST LEONARDTOWN MD		38.29593	-76.6389
218	DAN	LAMOREAUX	LAMOREAUX DAN 6/5/1973	06/05/1973	NG	42962 MOLL DRYER RD	LEONARDTOWN	"42962 MOLL DRYER RD,LEONARDTOWN,MD"	MD	20650	08/17/2000	SN 535 8/17/2000	SN	535	IAD		08/20/2000	IAD	 	 			42962 MOLL DRYER RD LEONARDTOWN MD		38.26266	-76.59462
265	JACK	BAKER	BAKER JACK 8/31/1968	08/31/1968	ID	391 W MARTIN ST	SNOW HILL	"391 W MARTIN ST,SNOW HILL,MD"	MD	21863	11/08/1995	CS 901 11/8/1995	CS	901	AGA	C1	11/11/1995	AGA	 	 			391 W MARTIN ST SNOW HILL MD		38.17105	-75.39729
285	DAVE	PENN	PENN DAVE 3/6/1981	03/06/1981	SA	424 SPRING ST	CHARLOTTESVILLE	"424 SPRING ST,CHARLOTTESVILLE,VA"	VA	22903	01/17/2000	VS 21 1/17/2000	VS	21	IAD		03/09/2000	IAD	 	 			424 SPRING ST CHARLOTTESVILLE VA		38.02813	-78.50009
133	JIM	PHILLIPS	PHILLIPS JIM 9/24/1968	09/24/1968	SA	380 MAGNOLIA CT	LEBANON	"380 MAGNOLIA CT,LEBANON,MO"	MO	65536	04/30/2000	SV 39 4/30/2000	SV	39	NYC		05/25/2000	JFK	 	 			380 MAGNOLIA CT LEBANON MO		37.65806	-92.64284
187	TIM	HELLAND	HELLAND TIM 9/8/1979	09/08/1979	EG	33 W 35TH ST	NORFOLK	"33 W 35TH ST,NORFOLK,VA"	VA	23508	02/14/1997	TW 891 2/14/1997	TW	891	NYC	A2			 	 			33 W 35TH ST NORFOLK VA		36.87847	-76.28299
59	PAUL	NAAS	NAAS PAUL 9/2/1970	09/02/1970	SA	1453 SHIPP AVE	NORFOLK	"1453 SHIPP AVE,NORFOLK,VA"	VA	23504	01/09/2001	SV 21 1/9/2001	SV	21	NYC				 	 			1453 SHIPP AVE NORFOLK VA		36.85175	-76.26827
212	ROD	RUPPERT	RUPPERT ROD 9/13/1976	09/13/1976	EG	435 N MAPLE ST	DURHAM	"435 N MAPLE ST,DURHAM,NC"	NC	27703	07/03/1998	MS 985 7/3/1998	MS	985	NYC	B2	08/02/1998	JFK	 	 			435 N MAPLE ST DURHAM NC		35.98938	-78.88059
171	JOHN	PICCOLA	PICCOLA JOHN 2/28/1950	02/28/1950	EG	4 SEASONS HOTEL	GREENSBORO	"4 SEASONS HOTEL,GREENSBORO,NC"	NC		10/01/1996	MS 989 10/1/1996	MS	989	NYC	B1	10/20/1996	NYC	 	 			4 SEASONS HOTEL GREENSBORO NC		35.5297	-83.03624
199	TED	JOKI	JOKI TED 1/3/1966	01/03/1966	EG	4555 WYATT ST		4555 WYATT ST			06/26/1988	MS 985 6/26/1988	MS	985	NYC	B2	06/27/1988	MIA	 	 			4555 WYATT ST		35.31801	-118.91733
123	JOHN	OATMAN	OATMAN JOHN 12/17/1969	12/17/1969	AE	512 QUEENS RD	CHARLOTTE	"512 QUEENS RD,CHARLOTTE,NC"	NC	28207	02/10/2001	BA 2007 2/10/2001	BA	2007	CLT				 	 			512 QUEENS RD CHARLOTTE NC		35.20703	-80.8277
84	SUE	CAMP	CAMP SUE 1/1/1954	01/01/1954	AE	512 QUUENS RD	CHARLOTTE	"512 QUUENS RD,CHARLOTTE,NC"	NC	28207	01/10/2001	AA 69 1/10/2001	AA	69	MIA				 	 			512 QUUENS RD CHARLOTTE NC		35.20703	-80.8277
143	JOHN	SMART	SMART JOHN 9/10/1976	09/10/1976	SA	701 WAXLER DR	HUNTSVILLE	"701 WAXLER DR,HUNTSVILLE,AL"	AL	35816	09/05/2000	AA 47 9/5/2000	AA	47	CHI				 	 			701 WAXLER DR HUNTSVILLE AL		34.72871	-86.62231
144	JOHN	SMART	SMART JOHN 9/10/1976	09/10/1976	SA	701 WAXLER DR	HUNTSVILLE	"701 WAXLER DR,HUNTSVILLE,AL"	AL	35816	01/14/2001	SV 39 1/14/2001	SV	39	NYC		11/16/2001	JFK	 	 			701 WAXLER DR HUNTSVILLE AL		34.72871	-86.62231
27	ALICE	RISSER	RISSER ALICE 8/23/1971	08/23/1971	SA	94 MORNINGSIDE DR	MADISON	"94 MORNINGSIDE DR,MADISON,AL"	AL	35758	09/08/2000	DL 43 9/8/2000	DL	43	CIN		10/01/2000	CVG	 	 			94 MORNINGSIDE DR MADISON AL		34.69371	-86.75466
60	PAUL	MUNKVOLD	MUNKVOLD PAUL 11/23/1974	11/23/1974	SA	4992 LA CALANDRIA WAY	LOS ANGELES	"4992 LA CALANDRIA WAY,LOS ANGELES,CA"	CA	90032	09/02/2000	LH 452 9/2/2000	LH	452	LOS				 	 			4992 LA CALANDRIA WAY LOS ANGELES CA		34.07324	-118.17711
248	ALICE	MOXLEY	MOXLEY ALICE 3/20/1973	03/20/1973	AU	2895 4TH AVE	LOS ANGELES	"2895 4TH AVE,LOS ANGELES,CA"	CA	90018	12/28/2000	UA 816 12/28/2000	UA	816	LOS		02/04/2001	LOS	 	 			2895 4TH AVE LOS ANGELES CA		34.02868	-118.32119
40	STEVE	NAAS	NAAS STEVE 1/28/1977	01/28/1977	SA	601 W 28TH ST	LOS ANGELES	"601 W 28TH ST,LOS ANGELES,CA"	CA	90007	08/02/2000	TW 891 8/2/2000	TW	891	NYC		09/01/2000	JFK	 	 			601 W 28TH ST LOS ANGELES CA		34.02607	-118.27737
11	ALICE	ZINGARELLI	ZINGARELLI ALICE 11/18/1963	11/18/1963	SA	683 W 32ND ST	LOS ANGELES	"683 W 32ND ST,LOS ANGELES,CA"	CA	90007	06/18/2001	BA 283 6/18/2001	BA	283	LOS		08/18/2001	LAX	 	 			683 W 32ND ST LOS ANGELES CA		34.02413	-118.28038
283	PAUL	BAKER	BAKER PAUL 4/17/1953	04/17/1953		553 HAWK LN	FOUNTAIN VALLEY	"553 HAWK LN,FOUNTAIN VALLEY,CA"	CA	92708	01/21/1995	MS 987 1/21/1995	MS	987	LOS	B2			 	 			553 HAWK LN FOUNTAIN VALLEY CA		33.69822	-117.96105
121	JOHN	NAAS	NAAS JOHN 10/21/1982	10/21/1982	AE	611 E ERIE DR	TEMPE	"611 E ERIE DR,TEMPE,AZ"	AZ	85282	01/14/2001	BA 2289 1/14/2001	BA	2289	PHO		10/31/2001	PHX	 	 			611 E ERIE DR TEMPE AZ		33.39621	-111.92944
122	JOHN	NAAS	NAAS JOHN 10/21/1982	10/21/1982	AE	611 E ERIE DR	TEMPE	"611 E ERIE DR,TEMPE,AZ"	AZ	85282	08/12/2000	LH 432 8/12/2000	LH	432	CHI		12/17/2000	IAD	 	 			611 E ERIE DR TEMPE AZ		33.39621	-111.92944
269	JACK	PENNINGTON	PENNINGTON JACK 3/24/1952	03/24/1952	SY	18 CARR		18 CARR			07/24/1997	67 7/24/1997		67	DET	B2	08/24/1997	DET	 	 			18 CARR		32.84083	-85.59876
68	STEVE	PIQUETT	PIQUETT STEVE 11/2/1959	11/02/1959	SA	6338 PARKDALE DR	DALLAS	"6338 PARKDALE DR,DALLAS,TX"	TX	75227	06/30/2001	KL 665 6/30/2001	KL	665	SPM		07/10/2001	DFW	 	 			6338 PARKDALE DR DALLAS TX		32.77149	-96.71096
135	ALICE	PHILLIPS	PHILLIPS ALICE 12/31/1959	12/31/1959	SA	11600 W CAMINO PINOS	MARANA	"11600 W CAMINO PINOS,MARANA,AZ"	AZ	85653	05/13/2001	SV 39 5/13/2001	SV	39	NYC		05/25/2001	JFK	 	 			11600 W CAMINO PINOS MARANA AZ		32.44968	-111.2084
116	DAVE	MERZENICH	MERZENICH DAVE 2/16/1977	02/16/1977	AE	9764 N PASEO CORONA	TUCSON	"9764 N PASEO CORONA,TUCSON,AZ"	AZ	85737	01/14/2000	UA 959 1/14/2000	UA	959	CHI				 	 			9764 N PASEO CORONA TUCSON AZ		32.38386	-111.00801
62	PAUL	RAYBURN	RAYBURN PAUL 1/24/1977	01/24/1977	SA	3774 E LEE ST	TUCSON	"3774 E LEE ST,TUCSON,AZ"	AZ	85716	01/12/2001	BA 2193 1/12/2001	BA	2193	DAL		07/04/2001	PHX	 	 			3774 E LEE ST TUCSON AZ		32.2416	-110.91232
63	PAUL	RISSER	RISSER PAUL 4/24/1977	04/24/1977	SA	3774 E LEE ST	TUCSON	"3774 E LEE ST,TUCSON,AZ"	AZ	85716	01/10/2000	BA 2019 1/10/2000	BA	2019	DEN				 	 			3774 E LEE ST TUCSON AZ		32.2416	-110.91232
100	ROGER	BAKER	BAKER ROGER 1/23/1978	01/23/1978	AE	3240 W CALLE CISNE	TUCSON	"3240 W CALLE CISNE,TUCSON,AZ"	AZ	85746	01/12/2001	BA 2289 1/12/2001	BA	2289	PHO				 	 			3240 W CALLE CISNE TUCSON AZ		32.12671	-111.03574
101	ROGER	BAKER	BAKER ROGER 1/23/1978	01/23/1978	AE	3240 W CALLE CISNE	TUCSON	"3240 W CALLE CISNE,TUCSON,AZ"	AZ	85746	01/14/2000	UA 959 1/14/2000	UA	959	CHI				 	 			3240 W CALLE CISNE TUCSON AZ		32.12671	-111.03574
35	SUE	RISSER	RISSER SUE 8/7/1975	08/07/1975	SA	232 21ST AVE	HATTIESBURG	"232 21ST AVE,HATTIESBURG,MS"	MS	39401	08/22/2001	BA 297 8/22/2001	BA	297	CHI				 	 			232 21ST AVE HATTIESBURG MS		31.32214	-89.32273
71	STEVE	SCHEINMAN	SCHEINMAN STEVE 2/12/1974	02/12/1974	SA	2817 W JACKSON ST	PENSACOLA	"2817 W JACKSON ST,PENSACOLA,FL"	FL	32505	01/23/2001	SV 21 1/23/2001	SV	21	NYC				 	 			2817 W JACKSON ST PENSACOLA FL		30.41927	-87.24903
234	PATRICIA	MCGOVERN	MCGOVERN PATRICIA 8/17/1979	08/17/1979	EG	2655 LAWRENCE ST	HOUSTON	"2655 LAWRENCE ST,HOUSTON,TX"	TX	77008	03/13/1994	MS 985 3/13/1994	MS	985	NYC	B1	03/26/1994	NYC	 	 			2655 LAWRENCE ST HOUSTON TX		29.81052	-95.40814
30	SUE	STRICKLAND	STRICKLAND SUE 8/11/1972	08/11/1972	SA	4720 DICK ST	HOUSTON	"4720 DICK ST,HOUSTON,TX"	TX	77020	06/06/2001	BA 2025 6/6/2001	BA	2025	HOU				 	 			4720 DICK ST HOUSTON TX		29.76254	-95.32279
255	DAVE	PENNINGTON	PENNINGTON DAVE 2/19/1957	02/19/1957	EG	4405 ROSEMONT ST	HOUSTON	"4405 ROSEMONT ST,HOUSTON,TX"	TX	77051	06/13/1999	MS 985 6/13/1999	MS	985	NYC	B1	06/26/1999	LOS	 	 			4405 ROSEMONT ST HOUSTON TX		29.67072	-95.3633
180	JOHN	JOKI	JOKI JOHN 5/30/1952	05/30/1952	EG	706 SHAFER RD	SAN ANTONIO	"706 SHAFER RD,SAN ANTONIO,TX"	TX	78234	05/14/1993	MS 985 5/14/1993	MS	985	NYC	B1	05/28/1993	NYC	 	 			706 SHAFER RD SAN ANTONIO TX		29.44847	-98.4447
54	BOB	BAIN	BAIN BOB 4/30/1976	04/30/1976	SA	373 ALSUP ST	SAN ANTONIO	"373 ALSUP ST,SAN ANTONIO,TX"	TX	78237	08/04/2000	SV 55 8/4/2000	SV	55	NYC		12/08/2000	JFK	 	 			373 ALSUP ST SAN ANTONIO TX		29.43733	-98.56359
28	ALICE	ROSS	ROSS ALICE 5/6/1972	05/06/1972	SA	5094 RUSK ST	HOUSTON	"5094 RUSK ST,APT,91,HOUSTON,TX"	TX	77023	10/28/2001	SV 39 10/28/2001	SV	39	NYC				 	 		APT	5094 RUSK ST HOUSTON TX	91	29.28059	-94.87053
145	JOHN	SMART	SMART JOHN 9/10/1976	09/10/1976	SA	41 FANFAIR AVE	ORLANDO	"41 FANFAIR AVE,ORLANDO,FL"	FL	32811	06/22/2001	SV 55 6/22/2001	SV	55	ORL				 	 			41 FANFAIR AVE ORLANDO FL		28.54099	-81.43705
216	ROD	MCCLELLAN	MCCLELLAN ROD 2/13/1967	02/13/1967	EG	1695 HULL CIRCLE	ORLANDO	"1695 HULL CIRCLE,ORLANDO,FL"	FL	32806	08/04/2000	MS 985 8/4/2000	MS	985	NYC	B2			 	 			1695 HULL CIRCLE ORLANDO FL		28.52253	-81.35951
95	ALICE	CARVER	CARVER ALICE 8/23/1977	08/23/1977	AE	1724 MCQUAID ST	MELBOURNE	"1724 MCQUAID ST,MELBOURNE,FL"	FL	32901	09/04/2000	BA 2037 9/4/2000	BA	2037	ORL		11/14/2000	MCO	 	 			1724 MCQUAID ST MELBOURNE FL		28.08077	-80.61125
96	ALICE	CARVER	CARVER ALICE 8/23/1977	08/23/1977	AE	1724 MCQUAID ST	MELBOURNE	"1724 MCQUAID ST,MELBOURNE,FL"	FL	32901	01/18/2000	VS 15 1/18/2000	VS	15	ORL		06/29/2000	MCO	 	 			1724 MCQUAID ST MELBOURNE FL		28.08077	-80.61125
77	ALICE	LATHAM	LATHAM ALICE 11/22/1981	11/22/1981	SA	4300 GROVE VIES AVE E	TAMPA	"4300 GROVE VIES AVE E,TAMPA,FL"	FL	33617	01/23/2001	SV 1/23/2001	SV		NYC				 	 			4300 GROVE VIES AVE E TAMPA FL		28.02521	-82.41355
78	ALICE	LATHAM	LATHAM ALICE 11/22/1981	11/22/1981	SA	7016 N ALBANY AVE	TAMPA	"7016 N ALBANY AVE,TAMPA,FL"	FL	33604	07/24/2000	SV 55 7/24/2000	SV	55	ORL		12/15/2000	JFK	 	 			7016 N ALBANY AVE TAMPA FL		28.01255	-82.48015
41	STEVE	MUNKVOLD	MUNKVOLD STEVE 4/15/1977	04/15/1977	SA	2758 E COLUMBUS DR	TAMPA	"2758 E COLUMBUS DR,TAMPA,FL"	FL	33605	06/18/2001	NW 57 6/18/2001	NW	57	MIA		07/13/2001	ORD	 	 			2758 E COLUMBUS DR TAMPA FL		27.96673	-82.42902
140	ALICE	EDWARDS	EDWARDS ALICE 5/23/1980	05/23/1980	SA	2497 38TH ST N	ST PETERSBURG	"2497 38TH ST N,ST PETERSBURG,FL"	FL	33713	04/21/2000	SV 21 4/21/2000	SV	21	NYC				 	 			2497 38TH ST N ST PETERSBURG FL		27.79469	-82.68565
45	ALICE	WELLS	WELLS ALICE 7/2/1974	07/02/1974	SA	1308 CRESENT LAKE DR N	ST PETERSBURG	"1308 CRESENT LAKE DR N,ST PETERSBURG,FL"	FL	33701	11/26/2000	SV 39 11/26/2000	SV	39	IAD				 	 			1308 CRESENT LAKE DR N ST PETERSBURG FL		27.78518	-82.64304
150	JOHN	BOHN	BOHN JOHN 3/3/1976	03/03/1976	SA	3091 11TH AVE	VERO BEACH	"3091 11TH AVE,VERO BEACH,FL"	FL	32960	07/17/2000	SV 35 7/17/2000	SV	35	NYC		09/04/2000	MCO	 	 			3091 11TH AVE VERO BEACH FL		27.65081	-80.39491
61	PAUL	PRICE	PRICE PAUL 6/23/1976	06/23/1976	SA	763 18TH PL	VERO BEACH	"763 18TH PL,VERO BEACH,FL"	FL	32960	08/07/2000	SV 55 8/7/2000	SV	55	ORL				 	 			763 18TH PL VERO BEACH FL		27.6352	-80.38839
203	DOUG	MORGAN	MORGAN DOUG 9/1/1968	09/01/1968	EG	299 PAMETO RD	NOKOMIS	"299 PAMETO RD,NOKOMIS,FL"	FL	34275	01/10/2001	AA 69 1/10/2001	AA	69	MIA				 	 	c:\CaseX\photos\Barry_Spencer.jpg		299 PAMETO RD NOKOMIS FL		27.12116	-82.45706
201	DOUG	MORGAN	MORGAN DOUG 9/1/1968	09/01/1968	EG	3684 BROKENWOODS DR	POMPANO BEACH	"3684 BROKENWOODS DR,POMPANO BEACH,FL"	FL	33065	01/10/2001	1/10/2001			MIA		07/07/2001	MIA	 	 	c:\CaseX\photos\Barry_Spencer.jpg		3684 BROKENWOODS DR POMPANO BEACH FL		26.27597	-80.25264
182	JOHN	JORDAN	JORDAN JOHN 2/14/1953	02/14/1953	EG	ADINDLED HTL	WASHINGTON	"ADINDLED HTL,WASHINGTON,DC"	DC		04/20/1990	IB 951 4/20/1990	IB	951	NYC	B2			 	 			ADINDLED HTL WASHINGTON DC			
131	JIM	SMART	SMART JIM 9/5/1976	09/05/1976	SA	ALL STAR RESORT	ORLANDO	"ALL STAR RESORT,ORLANDO,FL"	FL		06/22/2001	SV 55 6/22/2001	SV	55	ORL				 	 			ALL STAR RESORT ORLANDO FL			
114	DAVE	MILLER	MILLER DAVE 10/18/1976	10/18/1976	AE	ARGENT HOTEL	SAN FRANCISCO	"ARGENT HOTEL,SAN FRANCISCO,CA"	CA		04/06/2001	BA 285 4/6/2001	BA	285	SFR		04/13/2001	SFO	 	 			ARGENT HOTEL SAN FRANCISCO CA			
86	SUE	SHARMAN	SHARMAN SUE 6/1/1958	06/01/1958	AE	ASHLAND UNIV	ASHLAND	"ASHLAND UNIV,ASHLAND,OH"	OH		07/01/2001	MH 90 7/1/2001	MH	90	NEW				 	 			ASHLAND UNIV ASHLAND OH			
162	CINDY	PHILLIPS	PHILLIPS CINDY 1/1/1953	01/01/1953	ET		ATLANTA	"ATLANTA,GA"	GA		06/23/1991	DL 11 6/23/1991	DL	11	ATL	B2	09/09/1991	ATL	 	 			ATLANTA GA			
93	ALICE	PATRICK	PATRICK ALICE 1/1/1972	01/01/1972	AE		BATON ROUGE	"BATON ROUGE,LA"	LA		02/03/2001	KL 625 2/3/2001	KL	625	MEM				 	 			BATON ROUGE LA			
6	LEE	ROSS	ROSS LEE 2/1/1957	02/01/1957	SA	BELL HELICOPTER		BELL HELICOPTER			06/26/2001	SV 35 6/26/2001	SV	35	NYC				 	 			BELL HELICOPTER			
12	ALICE	ZINGARELLI	ZINGARELLI ALICE 11/18/1963	11/18/1963	SA	BELL HELICOPTER	DALLAS	"BELL HELICOPTER,DALLAS,TX"	TX		06/22/2001	SV 55 6/22/2001	SV	55	ORL		08/27/2001	MCO	 	 			BELL HELICOPTER DALLAS TX			
279	PAUL	CONNOR	CONNOR PAUL 12/13/1970	12/13/1970	SA	BEST WESTERN HOTEL	NEW YORK	"BEST WESTERN HOTEL,NEW YORK,NY"	NY		08/23/2000	CO 1539 8/23/2000	CO	1539	TOR				 	 			BEST WESTERN HOTEL NEW YORK NY			
112	DAVE	KOTTEK	KOTTEK DAVE 10/7/1962	10/07/1962	AE	CAMPUS INN	ANN ARBOR	"CAMPUS INN,ANN ARBOR,MI"	MI		08/19/2001	NW 53 8/19/2001	NW	53	DMA				 	 			CAMPUS INN ANN ARBOR MI			
49	ALICE	QUACKENBUSH	QUACKENBUSH ALICE 5/21/1956	05/21/1956	SA	COMMAND COLLAGE NAVY	NEWPORT	"COMMAND COLLAGE NAVY,NEWPORT,RI"	RI		08/17/2001	SV 55 8/17/2001	SV	55	NYC				 	 			COMMAND COLLAGE NAVY NEWPORT RI			
183	JOHN	DEWOLF	DEWOLF JOHN 7/25/1954	07/25/1954	EG	COURT YARD	NEW YORK	"COURT YARD,NEW YORK,NY"	NY		11/27/1998	KL 641 11/27/1998	KL	641	NYC	B1	12/07/1998	JFK	 	 			COURT YARD NEW YORK NY			
238	TED	RUPPERT	RUPPERT TED 3/1/1951	03/01/1951	SD	DAY INN	WASHINGTON	"DAY INN,WASHINGTON,DC"	DC		04/02/1989	TW 3 4/2/1989	TW	3	NYC	B1	04/05/1989	NYC	 	 			DAY INN WASHINGTON DC			
130	JIM	SHARMAN	SHARMAN JIM 2/1/1970	02/01/1970	AE	DAYS INN	CHARLOTTE	"DAYS INN,CHARLOTTE,NC"	NC		05/26/2000	AB 2007 5/26/2000	AB	2007	CLT		07/18/2000	CLT	 	 			DAYS INN CHARLOTTE NC			
252	ALICE	ARMSTRONG	ARMSTRONG ALICE 9/14/1951	09/14/1951	EG	DAYS INN	DUNCAN	"DAYS INN,DUNCAN,OK"	OK		10/15/1989	MS 9 10/15/1989	MS	9	NYC	B1	11/05/1989	NYC	 	 			DAYS INN DUNCAN OK			
264	JACK	BAKER	BAKER JACK 8/31/1968	08/31/1968	ID	DAYS INN	HONOLULU	"DAYS INN,HONOLULU,HI"	HI		02/03/2001	JL 76 2/3/2001	JL	76	HHW				 	 			DAYS INN HONOLULU HI			
142	ALICE	JORDAN	JORDAN ALICE 6/9/1971	06/09/1971	SA	DAYS INN LAKESIDE	ORLANDO	"DAYS INN LAKESIDE,ORLANDO,FL"	FL		02/25/2001	SV 39 2/25/2001	SV	39	NYC				 	 			DAYS INN LAKESIDE ORLANDO FL			
262	DAVE	ARMSTRONG	ARMSTRONG DAVE 5/16/1957	05/16/1957	EG	DAYS INN	LOS ANGELES	"DAYS INN,LOS ANGELES,CA"	CA		07/19/1991	LH 450 7/19/1991	LH	450	LOS	B1	07/31/1991	STL	 	 			DAYS INN LOS ANGELES CA			
229	JACK	DARGEN	DARGEN JACK 8/22/1971	08/22/1971	EG	DAYS INN	MORGANTOWN	"DAYS INN,MORGANTOWN,WV"	WV		08/22/2000	IB 6251 8/22/2000	IB	6251	NYC		03/07/2001	NYC	 	 			DAYS INN MORGANTOWN WV			
295	JIM	DORST	DORST JIM 5/7/1961	05/07/1961	EG	DAYS INN	NEW YORK	"DAYS INN,NEW YORK,NY"	NY		01/28/1989	AT 5 1/28/1989	AT	5	NYC	B2	06/13/1989	NYC	 	 			DAYS INN NEW YORK NY			
284	PAUL	GRANT	GRANT PAUL 2/15/1967	02/15/1967	UK	DAYS INN	NEW YORK	"DAYS INN,NEW YORK,NY"	NY		06/07/1986	6/7/1986			NYC	B1			 	 			DAYS INN NEW YORK NY			
300	JIM	LANE	LANE JIM 11/3/1951	11/03/1951	EG	DAYS INN	NEW YORK	"DAYS INN,NEW YORK,NY"	NY		08/27/1991	IB 951 8/27/1991	IB	951	NYC	B2			 	 			DAYS INN NEW YORK NY			
110	PETER	MAJOR	MAJOR PETER 5/9/1978	05/09/1978	AE	DAYS INN	NEW YORK	"DAYS INN,NEW YORK,NY"	NY		05/29/2000	SN 537 5/29/2000	SN	537	NEW		01/11/2001	JFK	 	 	c:\CaseX\photos\Timothy_Hynes.jpg		DAYS INN NEW YORK NY			
247	ALICE	MOSLEY	MOSLEY ALICE		AE	DAYS INN	QUINCY	"DAYS INN,QUINCY,IL"	IL		04/28/1989	TW 4/28/1989	TW		BOS	B2	05/02/1989	STL	 	 			DAYS INN QUINCY IL			
261	DAVE	CONNOR	CONNOR DAVE 3/18/1944	03/18/1944	EG	DAYS INN	ST LOUIS	"DAYS INN,ST LOUIS,MO"	MO		06/16/1999	NW 67 6/16/1999	NW	67	DET	B1			 	 			DAYS INN ST LOUIS MO			
263	JACK	ARMSTRONG	ARMSTRONG JACK		EG	DAYS INN	SYRACUSE	"DAYS INN,SYRACUSE,NY"	NY		03/24/1991	MS 985 3/24/1991	MS	985	NYC	B1	04/21/1991	NYC	 	 			DAYS INN SYRACUSE NY			
230	JACK	HELLAND	HELLAND JACK 12/5/1949	12/05/1949	YE	DAYS INN	WASHINGTON	"DAYS INN,WASHINGTON,DC"	DC		11/27/1992	UA 1002 11/27/1992	UA	1002	IAD	B1	12/01/1992	IAD	 	 			DAYS INN WASHINGTON DC			
274	DON	REBADOW	REBADOW DON 7/10/1975	07/10/1975	UK	DISNEY WORLD	ORLANDO	"DISNEY WORLD,ORLANDO,FL"	FL		04/04/1992	BA 239 4/4/1992	BA	239	ORL	B2	04/17/1992	ORL	 	 			DISNEY WORLD ORLANDO FL			
21	ALICE	WHYTE	WHYTE ALICE 7/1/1970	07/01/1970	SA	DOUBLETREE HOTEL	HOUSTON	"DOUBLETREE HOTEL,HOUSTON,TX"	TX		02/11/2000	BA 2025 2/11/2000	BA	2025	HOU		03/28/2000	HOU	 	 			DOUBLETREE HOTEL HOUSTON TX			
14	FRED	ZENS	ZENS FRED 5/1/1966	05/01/1966	SA	DOUBLETREE HOTEL	HOUSTON	"DOUBLETREE HOTEL,HOUSTON,TX"	TX		08/04/2001	KL 661 8/4/2001	KL	661	HOU		08/15/2001	JAM	 	 			DOUBLETREE HOTEL HOUSTON TX			
113	DAVE	MCGOVY	MCGOVY DAVE 1/6/1972	01/06/1972	AE	DUKE MED CTR	DURHAM	"DUKE MED CTR,DURHAM,NC"	NC		07/28/2001	AA 173 7/28/2001	AA	173	RDU		09/19/2001	RDU	 	 			DUKE MED CTR DURHAM NC			
51	LEE	PETERSON	PETERSON LEE 8/11/1961	08/11/1961	SA	DYNASTY SUITES HOTEL	RIVERSIDE	"DYNASTY SUITES HOTEL,RIVERSIDE,CA"	CA		06/23/2001	AA 175 6/23/2001	AA	175	LOS				 	 			DYNASTY SUITES HOTEL RIVERSIDE CA			
146	JOHN	LEVINE	LEVINE JOHN 7/31/1973	07/31/1973	SA	EMBASSY SUITES	ORLANDO	"EMBASSY SUITES,ORLANDO,FL"	FL		02/26/2000	MP 631 2/26/2000	MP	631	ORL		03/07/2000	MEM	 	 			EMBASSY SUITES ORLANDO FL			
29	ALICE	ROSS	ROSS ALICE 5/6/1972	05/06/1972	SA	ES LOUNGE	HOUSTON	"ES LOUNGE,HOUSTON,TX"	TX		10/12/2000	SV 35 10/12/2000	SV	35	IAD				 	 			ES LOUNGE HOUSTON TX			
65	PAUL	SEELY	SEELY PAUL 6/18/1977	06/18/1977	SA		FAIRFAX	"FAIRFAX,VA"	VA		05/17/2001	SV 35 5/17/2001	SV	35	IAD		08/14/2001	IAD	 	 			FAIRFAX VA			
221	DAN	LAMOREAUX	LAMOREAUX DAN 6/5/1973	06/05/1973	NG	HAMPTON INN NORMAN	OKLAHOMA CITY	"HAMPTON INN NORMAN,OKLAHOMA CITY,OK"	OK		03/04/2000	LH 438 3/4/2000	LH	438	DAL	B1	03/27/2000	IAD	 	 			HAMPTON INN NORMAN OKLAHOMA CITY OK			
7	LEE	THOMPSON	THOMPSON LEE 12/8/1961	12/08/1961	SA	HARRAHS HOTEL LAS*VEGA	LAS VEGAS	"HARRAHS HOTEL LAS*VEGA,LAS VEGAS,NV"	NV		11/12/2000	DL 21 11/12/2000	DL	21	ATL		11/15/2000	CVG	 	 			HARRAHS HOTEL LAS*VEGA LAS VEGAS NV			
92	ALICE	LUADERS	LUADERS ALICE 1/1/1972	01/01/1972	AE	HARVARD UNIV	BOSTON	"HARVARD UNIV,BOSTON,MA"	MA		06/19/2000	BA 213 6/19/2000	BA	213	BOS		08/18/2000	BOS	 	 			HARVARD UNIV BOSTON MA			
4	SHIRLEY	AMUNDSEN	AMUNDSEN SHIRLEY 2/5/1974	02/05/1974	SA	HILTON HOTEL	LOS ANGELES	"HILTON HOTEL,LOS ANGELES,CA"	CA		07/19/2001	MS 983 7/19/2001	MS	983	LOS				 	 			HILTON HOTEL LOS ANGELES CA			
225	JACK	BOKOVOY	BOKOVOY JACK 5/6/1960	05/06/1960	EG	HILTON HOTEL	NEW YORK	"HILTON HOTEL,NEW YORK,NY"	NY		01/26/1992	MS 985 1/26/1992	MS	985	NYC	B2			 	 			HILTON HOTEL NEW YORK NY			
258	DAVE	COWLISHAW	COWLISHAW DAVE 2/23/1960	02/23/1960	EG	HILTON HOTEL	NEW YORK	"HILTON HOTEL,NEW YORK,NY"	NY		10/22/1992	IB 6251 10/22/1992	IB	6251	NYC	B1			 	 			HILTON HOTEL NEW YORK NY			
214	ROD	PICCOLA	PICCOLA ROD 1/6/1978	01/06/1978	EG	HILTON HOTEL	NEW YORK	"HILTON HOTEL,NEW YORK,NY"	NY		09/04/1998	TW 891 9/4/1998	TW	891	NYC	B1	09/18/1998	JFK	 	 			HILTON HOTEL NEW YORK NY			
56	PAUL	PENN	PENN PAUL 4/6/1965	04/06/1965	SA	HOLIDAY INN	ARLINGTON	"HOLIDAY INN,ARLINGTON,VA"	VA		07/07/2001	SV 41 7/7/2001	SV	41	IAD				 	 			HOLIDAY INN ARLINGTON VA			
167	CINDY	BURKE	BURKE CINDY 5/9/1952	05/09/1952	EG	HOLIDAY INN	DALLAS	"HOLIDAY INN,DALLAS,TX"	TX		11/08/1996	MS 985 11/8/1996	MS	985	NYC	B1			 	 			HOLIDAY INN DALLAS TX			
33	SUE	SCHAEFER	SCHAEFER SUE 7/1/1975	07/01/1975	SA	HOLIDAY INN	DALLAS	"HOLIDAY INN,DALLAS,TX"	TX		06/02/2000	AA 93 6/2/2000	AA	93	NEW		06/29/2000	CHI	 	 			HOLIDAY INN DALLAS TX			
34	SUE	SCHAEFER	SCHAEFER SUE 7/1/1975	07/01/1975	SA	HOLIDAY INN	DALLAS	"HOLIDAY INN,DALLAS,TX"	TX		10/26/2000	TW 891 10/26/2000	TW	891	NYC		11/02/2000	JFK	 	 			HOLIDAY INN DALLAS TX			
70	STEVE	STILES	STILES STEVE 11/1/1953	11/01/1953	SA	HOLIDAY INN	DAYTON	"HOLIDAY INN,DAYTON,FL"	FL		12/21/2000	SV 35 12/21/2000	SV	35	NYC				 	 			HOLIDAY INN DAYTON FL			
253	ALICE	ARMSTRONG	ARMSTRONG ALICE 9/14/1951	09/14/1951	EG	HOLIDAY INN	HOUSTON	"HOLIDAY INN,HOUSTON,TX"	TX		09/19/1993	TW 853 9/19/1993	TW	853	NYC	B1	10/01/1993	NYC	 	 			HOLIDAY INN HOUSTON TX			
291	DAVE	JACKSON	JACKSON DAVE 2/10/1952	02/10/1952	LB	HOLIDAY INN	LOS ANGELES	"HOLIDAY INN,LOS ANGELES,CA"	CA		08/09/1997	MS 989 8/9/1997	MS	989	LOS	B2			 	 			HOLIDAY INN LOS ANGELES CA			
250	ALICE	CARNAHAN	CARNAHAN ALICE 3/27/1957	03/27/1957	NG	HOLIDAY INN	MANSFIELD	"HOLIDAY INN,MANSFIELD,MA"	MA		03/01/1994	CO 57 3/1/1994	CO	57	NEW	B2	03/24/1994	BOS	 	 			HOLIDAY INN MANSFIELD MA			
251	ALICE	DARGEN	DARGEN ALICE 3/27/1957	03/27/1957	DZ	HOLIDAY INN	MANSFIELD	"HOLIDAY INN,MANSFIELD,MA"	MA		10/24/1993	TW 807 10/24/1993	TW	807	BOS	B1	11/06/1993	BOS	 	 			HOLIDAY INN MANSFIELD MA			
166	CINDY	BOHN	BOHN CINDY 6/5/1971	06/05/1971		HOLIDAY INN	MIAMI	"HOLIDAY INN,MIAMI,FL"	FL		04/21/1998	BA 2295 4/21/1998	BA	2295	MIA	B2	05/05/1998	MIA	 	 			HOLIDAY INN MIAMI FL			
85	SUE	WATSON	WATSON SUE 5/5/1955	05/05/1955	AE	HOLIDAY INN	NEWARK	"HOLIDAY INN,NEWARK,NJ"	NJ		08/17/2001	MH 90 8/17/2001	MH	90	NEW		08/21/2001	EWR	 	 			HOLIDAY INN NEWARK NJ			
260	DAVE	CONNOR	CONNOR DAVE 3/18/1944	03/18/1944	EG	HOLIDAY INN	ORLANDO	"HOLIDAY INN,ORLANDO,FL"	FL		06/23/2001	TW 891 6/23/2001	TW	891	NYC		06/30/2001	JFK	 	 			HOLIDAY INN ORLANDO FL			
57	PAUL	LINDSEY	LINDSEY PAUL 12/9/1969	12/09/1969	SA	HOLIDAY INN	ORLANDO	"HOLIDAY INN,ORLANDO,FL"	FL		02/22/2001	SV 35 2/22/2001	SV	35	NYC				 	 			HOLIDAY INN ORLANDO FL			
104	DAVE	PETTY	PETTY DAVE 6/1/1954	06/01/1954	AE	HOLIDAY INN	SOCASSONA	"HOLIDAY INN,SOCASSONA,NJ"	NJ		07/27/2001	MH 90 7/27/2001	MH	90	NEW		08/03/2001	EWR	 	 			HOLIDAY INN SOCASSONA NJ			
147	JOHN	MACDONALD	MACDONALD JOHN 5/10/1974	05/10/1974	SA	HOLIDAY INN	ST LOUIS	"HOLIDAY INN,ST LOUIS,MO"	MO		07/09/2001	TW 891 7/9/2001	TW	891	NYC				 	 			HOLIDAY INN ST LOUIS MO			
294	JIM	NAAS	NAAS JIM 11/18/1980	11/18/1980	JO	HOLIDAY INN	ST LOUIS	"HOLIDAY INN,ST LOUIS,MO"	MO		07/13/1990	BA 217 7/13/1990	BA	217	IAD	B2			 	 			HOLIDAY INN ST LOUIS MO			
75	STEVE	SARVINSKI	SARVINSKI STEVE 12/18/1978	12/18/1978	SA	HOLIDAY INN	WASHINGTON	"HOLIDAY INN,WASHINGTON,DC"	DC		11/24/2000	SV 21 11/24/2000	SV	21	NYC				 	 			HOLIDAY INN WASHINGTON DC			
58	PAUL	SCHEINMAN	SCHEINMAN PAUL 12/30/1969	12/30/1969	ZA	HOLIDAY INN	WASHINGTON	"HOLIDAY INN,WASHINGTON,DC"	DC		06/19/1994	AZ 6608 6/19/1994	AZ	6608	IAD	B2			 	 			HOLIDAY INN WASHINGTON DC			
235	TED	RUPPERT	RUPPERT TED 3/1/1951	03/01/1951	SD	HOTEL ANTHONY	WASHINGTON	"HOTEL ANTHONY,WASHINGTON,DC"	DC		04/28/1991	BA 215 4/28/1991	BA	215	BOS	B1	05/01/1991	NEW	 	 			HOTEL ANTHONY WASHINGTON DC			
236	TED	RUPPERT	RUPPERT TED 3/1/1951	03/01/1951	SD	HOTEL ANTHONY	WASHINGTON	"HOTEL ANTHONY,WASHINGTON,DC"	DC		05/06/1990	TW 895 5/6/1990	TW	895	IAD	G4	05/09/1990	NYC	 	 			HOTEL ANTHONY WASHINGTON DC			
237	TED	RUPPERT	RUPPERT TED 3/1/1951	03/01/1951	SD	HOTEL ANTHONY	WASHINGTON	"HOTEL ANTHONY,WASHINGTON,DC"	DC		09/22/1990	TW 895 9/22/1990	TW	895	IAD	B1			 	 			HOTEL ANTHONY WASHINGTON DC			
231	JACK	HALE	HALE JACK 8/7/1957	08/07/1957	FR	HOTEL	BOSTON	"HOTEL,BOSTON,MA"	MA		11/01/1991	CO 57 11/1/1991	CO	57	NEW	WT	11/07/1991	NEW	 	 			HOTEL BOSTON MA			
163	CINDY	PICCOLA	PICCOLA CINDY 1/9/1978	01/09/1978	EG	HOTEL DAYS	NEW YORK	"HOTEL DAYS,NEW YORK,NY"	NY		09/02/2001	LH 404 9/2/2001	LH	404	NYC		09/21/2001	JFK	 	 			HOTEL DAYS NEW YORK NY			
17	FRED	ROSS	ROSS FRED 9/23/1968	09/23/1968	SA	HOTEL	HOUSTON	"HOTEL,HOUSTON,TX"	TX		04/21/2001	KL 661 4/21/2001	KL	661	HOU		04/30/2001	HOU	 	 			HOTEL HOUSTON TX			
246	TANYA	OSAK	OSAK TANYA 4/30/1976	04/30/1976	DZ	HOTEL INTERCONTINENTAL	NEW YORK	"HOTEL INTERCONTINENTAL,NEW YORK,NY"	NY		09/18/1999	AH 2020 9/18/1999	AH	2020	NYC	A1	09/24/1999	JFK	 	 			HOTEL INTERCONTINENTAL NEW YORK NY			
206	ROD	SCHMITT	SCHMITT ROD 2/27/1970	02/27/1970	EG	HOTEL	MIAMI	"HOTEL,MIAMI,FL"	FL		04/04/1998	AA 922 4/4/1998	AA	922	MIA	B2	04/12/1998	MIA	 	 			HOTEL MIAMI FL			
207	ROD	SCHMITT	SCHMITT ROD 2/27/1970	02/27/1970	EG	HOTEL	MIAMI	"HOTEL,MIAMI,FL"	FL		08/13/1998	PL 692 8/13/1998	PL	692	MIA	B2	08/24/1998	MIA	 	 			HOTEL MIAMI FL			
280	PAUL	CONNOR	CONNOR PAUL 12/13/1970	12/13/1970	SA	HOTEL	SAN DIEGO	"HOTEL,SAN DIEGO,CA"	CA		04/29/2000	AC 821 4/29/2000	AC	821	TOR				 	 			HOTEL SAN DIEGO CA			
46	ALICE	SNYDER	SNYDER ALICE 5/6/1972	05/06/1972	SA		HOUSTON	"HOUSTON,TX"	TX		07/11/2001	7/11/2001			NYC				 	 			HOUSTON TX			
172	JOHN	PICCOLA	PICCOLA JOHN 2/28/1950	02/28/1950	EG	HOWARD JOHNSON HOTEL	GREENVILLE	"HOWARD JOHNSON HOTEL,GREENVILLE,SC"	SC		12/13/1998	MS 985 12/13/1998	MS	985	NYC	B1	12/19/1998	JFK	 	 			HOWARD JOHNSON HOTEL GREENVILLE SC			
42	STEVE	ROSS	ROSS STEVE 8/6/1979	08/06/1979	SA	HYATT HOTEL	LOS ANGELES	"HYATT HOTEL,LOS ANGELES,CA"	CA		06/30/2000	CP 541 6/30/2000	CP	541	VCV				 	 			HYATT HOTEL LOS ANGELES CA			
170	CINDY	HELLAND	HELLAND CINDY 12/1/1945	12/01/1945	MA	HYATT HOTEL	ORLANDO	"HYATT HOTEL,ORLANDO,FL"	FL		09/06/2001	BA 2037 9/6/2001	BA	2037	ORL				 	 			HYATT HOTEL ORLANDO FL			
67	BARBARA	KOLANDER	KOLANDER BARBARA 11/21/1979	11/21/1979	SA	HYATT REGENCY	ORLANDO	"HYATT REGENCY,ORLANDO,FL"	FL		06/27/2001	VS 15 6/27/2001	VS	15	ORL				 	 			HYATT REGENCY ORLANDO FL			
152	LINDA	PIQUETT	PIQUETT LINDA 12/20/1978	12/20/1978	SA	HYATT REGENCY	ORLANDO	"HYATT REGENCY,ORLANDO,FL"	FL		04/23/2001	VS 27 4/23/2001	VS	27	ORL		05/16/2001	FLL	 	 	c:\CaseX\photos\Cindy_Lizano.jpg		HYATT REGENCY ORLANDO FL			
208	ROD	SCHMITT	SCHMITT ROD 2/27/1970	02/27/1970	EG	IN TRANSIT		IN TRANSIT			11/28/1997	AA 922 11/28/1997	AA	922	MIA	C3			 	 			IN TRANSIT			
209	ROD	SCHMITT	SCHMITT ROD 2/27/1970	02/27/1970	EG	IN TRANSIT		IN TRANSIT			07/29/2000	AA 2192 7/29/2000	AA	2192	MIA		07/29/2000	MIA	 	 			IN TRANSIT			
53	BOB	BAIN	BAIN BOB 4/30/1976	04/30/1976	SA	IN TRANSIT CANADA		IN TRANSIT CANADA			02/01/2001	SV 35 2/1/2001	SV	35	NYC		05/25/2001	JFK	 	 			IN TRANSIT CANADA			
281	PAUL	CONNOR	CONNOR PAUL 12/13/1970	12/13/1970	SA	IN TRANSIT CANADA		IN TRANSIT CANADA			01/19/2001	SV 21 1/19/2001	SV	21	NYC		07/07/2001	BOS	 	 			IN TRANSIT CANADA			
76	ALICE	LINDSEY	LINDSEY ALICE 6/1/1946	06/01/1946	SA	IN TRANSIT CANADA		IN TRANSIT CANADA			07/13/2001	SV 55 7/13/2001	SV	55	NYC		08/12/2001	JFK	 	 			IN TRANSIT CANADA			
19	FRED	SPURGEON	SPURGEON FRED 8/27/1969	08/27/1969	SA	INDIANA STATE UNIVE	TERRE HAUTE	"INDIANA STATE UNIVE,TERRE HAUTE,IN"	IN		08/10/2001	AF 4 8/10/2001	AF	4	NEW				 	 			INDIANA STATE UNIVE TERRE HAUTE IN			
47	ALICE	THOMPSON	THOMPSON ALICE 6/9/1978	06/09/1978	SA	INTERNATIONAL RESORT	ORLANDO	"INTERNATIONAL RESORT,ORLANDO,FL"	FL		07/10/2000	SV 55 7/10/2000	SV	55	ORL		08/25/2000	MCO	 	 			INTERNATIONAL RESORT ORLANDO FL			
44	ALICE	WATSON	WATSON ALICE 8/3/1981	08/03/1981	SA	INTERNATIONAL RESORT	ORLANDO	"INTERNATIONAL RESORT,ORLANDO,FL"	FL		07/10/2000	SV 55 7/10/2000	SV	55	ORL		08/25/2000	MCO	 	 			INTERNATIONAL RESORT ORLANDO FL			
129	DAWN	DAWKINS	DAWKINS DAWN 3/3/1970	03/03/1970	AE	JOHNS HOPKINS	BALTIMORE	"JOHNS HOPKINS,BALTIMORE,MD"	MD		11/12/2000	BA 223 11/12/2000	BA	223	IAD		12/08/2000	IAD	 	 			JOHNS HOPKINS BALTIMORE MD			
88	SUE	OBERT	OBERT SUE 6/4/1964	06/04/1964	AE	JOHNS HOPKINS	BALTIMORE	"JOHNS HOPKINS,BALTIMORE,MD"	MD		07/17/2001	BA 225 7/17/2001	BA	225	IAD		11/02/2001	IAD	 	 			JOHNS HOPKINS BALTIMORE MD			
89	SUE	PATRICK	PATRICK SUE 6/4/1964	06/04/1964	AE	JOHNS HOPKINS	BALTIMORE	"JOHNS HOPKINS,BALTIMORE,MD"	MD		05/28/2000	BA 2143 5/28/2000	BA	2143	BAL		11/10/2000		 	 			JOHNS HOPKINS BALTIMORE MD			
48	ALICE	PHANEUF	PHANEUF ALICE 9/1/1945	09/01/1945	SA	KIMBERLY SUITE	NEW YORK	"KIMBERLY SUITE,NEW YORK,NY"	NY		06/22/2001	6/22/2001			CHM		08/28/2001	JFK	 	 			KIMBERLY SUITE NEW YORK NY			
106	DAVE	LEVINE	LEVINE DAVE 7/6/1977	07/06/1977	AE	LEXINGTON HOTEL	DALLAS	"LEXINGTON HOTEL,DALLAS,TX"	TX		10/22/2000	AA 79 10/22/2000	AA	79	DAL		11/16/2000	LOS	 	 			LEXINGTON HOTEL DALLAS TX			
204	DOUG	MORGAN	MORGAN DOUG 9/1/1968	09/01/1968	EG	LEXINGTON HOTEL	NEW YORK	"LEXINGTON HOTEL,NEW YORK,NY"	NY		06/03/2000	OK 52 6/3/2000	OK	52	NEW		01/04/2001	MIA	 	 	c:\CaseX\photos\Barry_Spencer.jpg		LEXINGTON HOTEL NEW YORK NY			
107	DAVE	CAMP	CAMP DAVE 8/31/1981	08/31/1981	AE	MA MALDEN	BOSTON	"MA MALDEN,BOSTON,MA"	MA		01/15/2000	BA 213 1/15/2000	BA	213	BOS				 	 			MA MALDEN BOSTON MA			
270	JACK	GRANT	GRANT JACK 2/13/1955	02/13/1955	SY	MARINA RESORT HOTEL	LOS ANGELES	"MARINA RESORT HOTEL,LOS ANGELES,CA"	CA		04/20/1996	KL 601 4/20/1996	KL	601	LOS	B2			 	 			MARINA RESORT HOTEL LOS ANGELES CA			
26	ALICE	ROBERTS	ROBERTS ALICE 9/2/1970	09/02/1970	SA	MARIOTT HOTEL	HOUSTON	"MARIOTT HOTEL,HOUSTON,TX"	TX		08/02/2001	AT 200 8/2/2001	AT	200	NYC		08/07/2001	JFK	 	 			MARIOTT HOTEL HOUSTON TX			
173	JOHN	PICCOLA	PICCOLA JOHN 2/28/1950	02/28/1950	EG	MARRIOT CITY CEN	CHARLOTTE	"MARRIOT CITY CEN,CHARLOTTE,NC"	NC		05/19/1996	MS 985 5/19/1996	MS	985	NYC	B1	06/02/1996	NYC	 	 			MARRIOT CITY CEN CHARLOTTE NC			
22	ALICE	SPURGEON	SPURGEON ALICE 8/14/1970	08/14/1970	SA	MARRIOT HOTEL BROADWAY	NEW YORK	"MARRIOT HOTEL BROADWAY,NEW YORK,NY"	NY		08/08/2000	SV 35 8/8/2000	SV	35	NYC				 	 			MARRIOT HOTEL BROADWAY NEW YORK NY			
23	ALICE	STRICKLAND	STRICKLAND ALICE 8/14/1970	08/14/1970	SA	MIAMI BEACH HOTEL	MIAMI	"MIAMI BEACH HOTEL,MIAMI,FL"	FL		03/30/2001	BA 2019 3/30/2001	BA	2019	DEN		04/04/2001	MIA	 	 			MIAMI BEACH HOTEL MIAMI FL			
197	TED	MACDONALD	MACDONALD TED 1/20/1962	01/20/1962	EG	MILFORD/PLAZA HTL	NEW YORK	"MILFORD/PLAZA HTL,NEW YORK,NY"	NY		10/01/1989	MS 985 10/1/1989	MS	985	NYC	B2			 	 			MILFORD/PLAZA HTL NEW YORK NY			
282	PAUL	CONNOR	CONNOR PAUL 12/13/1970	12/13/1970	SA	MOTEL 6	BOSTON	"MOTEL 6,BOSTON,MA"	MA		07/19/2001	AC 828 7/19/2001	AC	828	TOR		07/21/2001	BOS	 	 			MOTEL 6 BOSTON MA			
302	JIM	KOLANDER	KOLANDER JIM 11/12/1966	11/12/1966	JO	MOTEL 6	CINCINNATI	"MOTEL 6,CINCINNATI,OH"	OH		06/24/1999	SN 543 6/24/1999	SN	543	CIN	B2	07/13/1999	CVG	 	 			MOTEL 6 CINCINNATI OH			
266	JACK	LAMOREAUX	LAMOREAUX JACK 5/15/1960	05/15/1960	ID	MOTEL 6	LOS ANGELES	"MOTEL 6,LOS ANGELES,CA"	CA		09/12/1998	TG 774 9/12/1998	TG	774	LOS	B2			 	 			MOTEL 6 LOS ANGELES CA			
287	DAVE	PENN	PENN DAVE 3/6/1981	03/06/1981	SA	MOTEL 6	MIAMI	"MOTEL 6,MIAMI,FL"	FL		07/08/1995	AA 57 7/8/1995	AA	57	MIA	B2	07/29/1995	MIA	 	 			MOTEL 6 MIAMI FL			
267	JACK	INGLIS	INGLIS JACK 7/27/1948	07/27/1948	IR	MOTEL 6	NEW YORK	"MOTEL 6,NEW YORK,NY"	NY		06/20/2000	BA 177 6/20/2000	BA	177	NYC	B2	06/26/2000	LAX	 	 			MOTEL 6 NEW YORK NY			
268	JACK	INGLIS	INGLIS JACK 7/27/1948	07/27/1948	IR	MOTEL 6	NEW YORK	"MOTEL 6,NEW YORK,NY"	NY		11/02/1995	BA 179 11/2/1995	BA	179	NYC	B2	11/09/1995	NYC	 	 			MOTEL 6 NEW YORK NY			
32	SUE	RUSSELL	RUSSELL SUE 8/11/1972	08/11/1972	SA		NEW ORLEANS	"NEW ORLEANS,LA"	LA		05/16/2000	NW 67 5/16/2000	NW	67	DET		06/01/2000	DET	 	 			NEW ORLEANS LA			
102	DAVE	SHARMAN	SHARMAN DAVE 11/14/1968	11/14/1968	AE	NEW ORLEANS	NEW ORLEANS	"NEW ORLEANS,NEW ORLEANS,LA"	LA		10/19/2000	UA 959 10/19/2000	UA	959	CHI		10/25/2000	SFO	 	 			NEW ORLEANS NEW ORLEANS LA			
3	CORA	AARON	AARON CORA 5/1/1977	05/01/1977	SA	OAKWOOD HOTEL	LONG BEACH	"OAKWOOD HOTEL,LONG BEACH,CA"	CA		10/19/2000	SV 35 10/19/2000	SV	35	NYC		12/01/2000	JFK	 	 			OAKWOOD HOTEL LONG BEACH CA			
200	TED	DEWOLF	DEWOLF TED 2/5/1966	02/05/1966	EG	PALACE HOTEL	NEW YORK	"PALACE HOTEL,NEW YORK,NY"	NY		06/01/2000	MS 1 6/1/2000	MS	1	NYC	A2	06/09/2000	JFK	 	 			PALACE HOTEL NEW YORK NY			
155	STEVE	MAYER	MAYER STEVE 9/2/1973	09/02/1973	EG	PAN AMERICAN HTL	NEW YORK	"PAN AMERICAN HTL,NEW YORK,NY"	NY		07/14/1992	MS 985 7/14/1992	MS	985	NYC	B2			 	 			PAN AMERICAN HTL NEW YORK NY			
259	DAVE	MOXLEY	MOXLEY DAVE 12/11/1963	12/11/1963	EG	PENNSYLVANIA HOTEL	NEW YORK	"PENNSYLVANIA HOTEL,NEW YORK,NY"	NY		12/22/1999	MS 996 12/22/1999	MS	996	HAR	B2	12/24/1999	JFK	 	 			PENNSYLVANIA HOTEL NEW YORK NY			
174	JOHN	PICCOLA	PICCOLA JOHN 2/28/1950	02/28/1950	EG	PENNSYLVANIA HOTEL	NEW YORK	"PENNSYLVANIA HOTEL,NEW YORK,NY"	NY		05/24/1995	AA 131 5/24/1995	AA	131	NYC	B1	06/13/1995	NYC	 	 			PENNSYLVANIA HOTEL NEW YORK NY			
175	JOHN	PICCOLA	PICCOLA JOHN 2/28/1950	02/28/1950	EG	PENNSYLVANIA HOTEL	NEW YORK	"PENNSYLVANIA HOTEL,NEW YORK,NY"	NY		06/15/2000	MS 983 6/15/2000	MS	983	NYC	B1			 	 			PENNSYLVANIA HOTEL NEW YORK NY			
176	JOHN	PICCOLA	PICCOLA JOHN 2/28/1950	02/28/1950	EG	PENNSYLVANIA HOTEL	NEW YORK	"PENNSYLVANIA HOTEL,NEW YORK,NY"	NY		10/03/1999	MS 985 10/3/1999	MS	985	NYC	B1	10/08/1999	JFK	 	 			PENNSYLVANIA HOTEL NEW YORK NY			
177	JOHN	PICCOLA	PICCOLA JOHN 2/28/1950	02/28/1950	EG	PENNSYLVANIA HOTEL	NEW YORK	"PENNSYLVANIA HOTEL,NEW YORK,NY"	NY		02/06/2000	MS 985 2/6/2000	MS	985	NYC	B2	02/11/2000	JFK	 	 			PENNSYLVANIA HOTEL NEW YORK NY			
178	JOHN	PICCOLA	PICCOLA JOHN 2/28/1950	02/28/1950	EG	PENNSYLVANIA HOTEL	NEW YORK	"PENNSYLVANIA HOTEL,NEW YORK,NY"	NY		01/21/2001	MS 985 1/21/2001	MS	985	NYC		01/26/2001	JFK	 	 			PENNSYLVANIA HOTEL NEW YORK NY			
179	JOHN	PICCOLA	PICCOLA JOHN 2/28/1950	02/28/1950	EG	PENNSYLVANIA HOTEL	NEW YORK	"PENNSYLVANIA HOTEL,NEW YORK,NY"	NY		08/12/2001	MX 985 8/12/2001	MX	985	NYC		08/19/2001	JFK	 	 			PENNSYLVANIA HOTEL NEW YORK NY			
273	JACK	DORST	DORST JACK 5/6/1964	05/06/1964	LB	PICADILLY HTL	NEW YORK	"PICADILLY HTL,NEW YORK,NY"	NY		06/21/1987	SV 23 6/21/1987	SV	23	NYC	B2	07/19/1987	NYC	 	 			PICADILLY HTL NEW YORK NY			
210	ROD	SCHMITT	SCHMITT ROD 2/27/1970	02/27/1970	EG	QUALITY INN		QUALITY INN			01/07/1998	IB 6103 1/7/1998	IB	6103	MIA	B2			 	 			QUALITY INN			
211	ROD	SCHMITT	SCHMITT ROD 2/27/1970	02/27/1970	EG	QUALITY INN		QUALITY INN			01/31/2000	IB 6125 1/31/2000	IB	6125	MIA	B2	01/31/2000	MIA	 	 			QUALITY INN			
224	JACK	CARLSON	CARLSON JACK 10/26/1955	10/26/1955	EG	QUALITY INN	HOUSTON	"QUALITY INN,HOUSTON,TX"	TX		07/29/1995	MS 2013 7/29/1995	MS	2013	NYC	B1	08/18/1995	NYC	 	 			QUALITY INN HOUSTON TX			
25	ALICE	ROBERTS	ROBERTS ALICE 9/2/1970	09/02/1970	SA	QUALITY INN	HOUSTON	"QUALITY INN,HOUSTON,TX"	TX		04/15/2000	KL 661 4/15/2000	KL	661	HOU		03/21/2001	HOU	 	 			QUALITY INN HOUSTON TX			
18	FRED	WHYTE	WHYTE FRED 11/18/1968	11/18/1968	SA	QUALITY INN	ORLANDO	"QUALITY INN,ORLANDO,FL"	FL		04/14/1995	741 4/14/1995		741	ORL	B2	04/28/1995	ORL	 	 			QUALITY INN ORLANDO FL			
223	JACK	MOSLEY	MOSLEY JACK 9/4/1953	09/04/1953	SD	QUALITY INN	WASHINGTON	"QUALITY INN,WASHINGTON,DC"	DC		09/03/1988	PA 107 9/3/1988	PA	107	IAD	J1	09/24/1988	IAD	 	 			QUALITY INN WASHINGTON DC			
205	ROD	SCHMITT	SCHMITT ROD 2/27/1970	02/27/1970	EG	QUALITY INN	WASHINGTON	"QUALITY INN,WASHINGTON,DC"	DC		11/05/1995	FA 24 11/5/1995	FA	24	IAD	A2	11/20/1995	IAD	 	 			QUALITY INN WASHINGTON DC			
272	JACK	DORST	DORST JACK 5/6/1961	05/06/1961	LB	RAMADA HOTEL	NEW YORK	"RAMADA HOTEL,NEW YORK,NY"	NY		11/25/1989	BA 179 11/25/1989	BA	179	NYC	B2			 	 			RAMADA HOTEL NEW YORK NY			
275	DON	REBADOW	REBADOW DON 7/10/1975	07/10/1975	UK	RAMADA MAINGATE HOTEL	ORLANDO	"RAMADA MAINGATE HOTEL,ORLANDO,FL"	FL		07/29/1994	VS 15 7/29/1994	VS	15	ORL	WT	08/26/1994	ORL	 	 			RAMADA MAINGATE HOTEL ORLANDO FL			
168	CINDY	EDWARDS	EDWARDS CINDY 7/19/1960	07/19/1960	EG	RESIDENCE INN	WARREN	"RESIDENCE INN,WARREN,MI"	MI		05/01/1996	NW 5/1/1996	NW		DET	B1			 	 			RESIDENCE INN WARREN MI			
154	STEVE	CARVER	CARVER STEVE 5/9/1952	05/09/1952	EG	RITZ CALTON HOTEL	ATLANTA	"RITZ CALTON HOTEL,ATLANTA,GA"	GA		12/05/1995	MS 987 12/5/1995	MS	987	NYC	B1	12/24/1995	NYC	 	 			RITZ CALTON HOTEL ATLANTA GA			
125	JOHN	JOHANSON	JOHANSON JOHN 7/10/1967	07/10/1967	AE	RIVIERA HOTEL	LAS VEGAS	"RIVIERA HOTEL,LAS VEGAS,NV"	NV		05/28/2001	AA 175 5/28/2001	AA	175	LOS		06/03/2001	LOS	 	 			RIVIERA HOTEL LAS VEGAS NV			
55	BOB	BAIN	BAIN BOB 4/30/1976	04/30/1976	SA	SAN DEIGO SHERATON	SAN DIEGO	"SAN DEIGO SHERATON,SAN DIEGO,CA"	CA		08/14/2001	AC 543 8/14/2001	AC	543	TOR				 	 			SAN DEIGO SHERATON SAN DIEGO CA			
103	DAVE	PIQUETT	PIQUETT DAVE 1/25/1981	01/25/1981	AE		SEATTLE	"SEATTLE,WA"	WA		08/19/2001	NW 33 8/19/2001	NW	33	SET		08/30/2001	SEA	 	 			SEATTLE WA			
31	SUE	RUSSELL	RUSSELL SUE 8/11/1972	08/11/1972	SA	SHERATON HOTEL	HARTFORD	"SHERATON HOTEL,HARTFORD,CT"	CT		01/23/2001	SV 21 1/23/2001	SV	21	NYC		05/11/2001	JFK	 	 			SHERATON HOTEL HARTFORD CT			
81	ALICE	VOGT	VOGT ALICE 8/9/1976	08/09/1976	SA	SHERATON HOTEL	LOS ANGELES	"SHERATON HOTEL,LOS ANGELES,CA"	CA		01/15/2000	UA 2 1/15/2000	UA	2	LOS				 	 			SHERATON HOTEL LOS ANGELES CA			
82	ALICE	WARD	WARD ALICE 5/11/1980	05/11/1980	SA	SHERATON HOTEL	MIAMI	"SHERATON HOTEL,MIAMI,FL"	FL		06/08/2001	VS 5 6/8/2001	VS	5	MIA				 	 			SHERATON HOTEL MIAMI FL			
50	ALICE	PIQUETT	PIQUETT ALICE 5/31/1958	05/31/1958	SA	SHERATON HOTEL	ORLANDO	"SHERATON HOTEL,ORLANDO,FL"	FL		06/07/2001	BA 2037 6/7/2001	BA	2037	ORL				 	 			SHERATON HOTEL ORLANDO FL			
5	SHIRLEY	AMUNDSEN	AMUNDSEN SHIRLEY 2/5/1974	02/05/1974	SA	SOFITEL HOTEL	LOS ANGELES	"SOFITEL HOTEL,LOS ANGELES,CA"	CA		08/01/2001	MX 946 8/1/2001	MX	946	LOS		08/02/2001	LOS	 	 			SOFITEL HOTEL LOS ANGELES CA			
87	SUE	CONNOR	CONNOR SUE 5/9/1959	05/09/1959	AE	UNIV OF NC MEDICAL	CHARLOTTE	"UNIV OF NC MEDICAL,CHARLOTTE,NC"	NC		06/16/2001	BA 2007 6/16/2001	BA	2007	CLT		09/04/2001	CLT	 	 			UNIV OF NC MEDICAL CHARLOTTE NC			
181	JOHN	JOKI	JOKI JOHN 5/30/1952	05/30/1952	EG	VANDERBILT PLAZA HTL	NASHVILLE	"VANDERBILT PLAZA HTL,NASHVILLE,TN"	TN		09/16/1990	SV 29 9/16/1990	SV	29	NYC	B1	09/23/1990	NYC	 	 			VANDERBILT PLAZA HTL NASHVILLE TN			
8	LEE	WHYTE	WHYTE LEE 9/6/1962	09/06/1962	SA	WESTIN GRAND HOTEL	WASHINGTON	"WESTIN GRAND HOTEL,WASHINGTON,DC"	DC		08/03/2001	SV 37 8/3/2001	SV	37	IAD		08/31/2001	IAD	 	 			WESTIN GRAND HOTEL WASHINGTON DC			
153	STEVE	CARLSON	CARLSON STEVE 8/9/1974	08/09/1974	EG	YOUTH HOSTELS	NEW YORK	"YOUTH HOSTELS,NEW YORK,NY"	NY		07/05/1995	RO 13 7/5/1995	RO	13	NYC	B2			 	 			YOUTH HOSTELS NEW YORK NY			
271	JACK	GRANT	GRANT JACK 2/13/1955	02/13/1955	SY						05/12/1996	5/12/1996				B2	05/12/1996	NYC	 	 						
137	ALICE	LEVINE	LEVINE ALICE 10/20/1979	10/20/1979	SA						07/09/1998	OA 411 7/9/1998	OA	411	NYC				 	 						
132	JIM	PETTY	PETTY JIM 3/14/1980	03/14/1980	AE						05/09/2000	CO 67 5/9/2000	CO	67	CLE				 	 						